-- MySQL dump 10.13  Distrib 5.7.17, for Win64 (x86_64)
--
-- Host: localhost    Database: fifaxgamersbd
-- ------------------------------------------------------
-- Server version	5.7.19-log

/*!40101 SET @OLD_CHARACTER_SET_CLIENT=@@CHARACTER_SET_CLIENT */;
/*!40101 SET @OLD_CHARACTER_SET_RESULTS=@@CHARACTER_SET_RESULTS */;
/*!40101 SET @OLD_COLLATION_CONNECTION=@@COLLATION_CONNECTION */;
/*!40101 SET NAMES utf8 */;
/*!40103 SET @OLD_TIME_ZONE=@@TIME_ZONE */;
/*!40103 SET TIME_ZONE='+00:00' */;
/*!40014 SET @OLD_UNIQUE_CHECKS=@@UNIQUE_CHECKS, UNIQUE_CHECKS=0 */;
/*!40014 SET @OLD_FOREIGN_KEY_CHECKS=@@FOREIGN_KEY_CHECKS, FOREIGN_KEY_CHECKS=0 */;
/*!40101 SET @OLD_SQL_MODE=@@SQL_MODE, SQL_MODE='NO_AUTO_VALUE_ON_ZERO' */;
/*!40111 SET @OLD_SQL_NOTES=@@SQL_NOTES, SQL_NOTES=0 */;

--
-- Dumping data for table `catalogoconceptos`
--

LOCK TABLES `catalogoconceptos` WRITE;
/*!40000 ALTER TABLE `catalogoconceptos` DISABLE KEYS */;
INSERT INTO `catalogoconceptos` VALUES (1,'pretemporada','Pretemporada',1),(2,'altasPC','Altas a la PC',2),(3,'bajasPC','Bajas a la PC',1),(4,'ventasDT','Ventas a la DT',1),(5,'comprasDT','Compras a la DT',2);
/*!40000 ALTER TABLE `catalogoconceptos` ENABLE KEYS */;
UNLOCK TABLES;

--
-- Dumping data for table `conceptosfinancieros`
--

LOCK TABLES `conceptosfinancieros` WRITE;
/*!40000 ALTER TABLE `conceptosfinancieros` DISABLE KEYS */;
/*!40000 ALTER TABLE `conceptosfinancieros` ENABLE KEYS */;
UNLOCK TABLES;

--
-- Dumping data for table `conceptosponsor`
--

LOCK TABLES `conceptosponsor` WRITE;
/*!40000 ALTER TABLE `conceptosponsor` DISABLE KEYS */;
INSERT INTO `conceptosponsor` VALUES (1,'Top 4 en la general','Top 4 en la general','0',7000000,0),(2,'17 o Más Goles a Favor en la General','17 o Más Goles a Favor en la General','0',5000000,0),(3,'3 Victorias de Visitante:','3 Victorias de Visitante:','0',6000000,0),(4,'Ascenso Directo','Ascenso Directo','1',7000000,4000000),(5,'12 Puntos de Visitante','12 Puntos de Visitante','1',5000000,3000000),(6,'14 o Más Goles de Diferencia de Gol en la General','14 o Más Goles de Diferencia de Gol en la General','1',5000000,3000000),(7,'Top 6 en la General','Top 6 en la General','0',6000000,0),(8,'Máximo 2 Derrotas','Máximo 2 Derrotas','0',6000000,0),(9,'Hasta 13 Goles en Contra en la General','Hasta 13 Goles en Contra en la General','0',4000000,0),(10,'Ascenso Directo','Ascenso Directo','1',6000000,3000000),(11,'4 o Más Victorias Como Local','4 o Más Victorias Como Local','1',4000000,2000000),(12,'8 o Más Goles a Favor de Visitante','8 o Más Goles a Favor de Visitante','1',4000000,2000000),(13,'Evitar la Última/Penultima Casilla','Evitar la Última/Penultima Casilla','0',6000000,0),(14,'3 Victorias en la General','3 Victorias en la General','0',5000000,0),(15,'Hasta 15 Goles en Contra en la General','Hasta 15 Goles en Contra en la General','0',6000000,0),(16,'Top 8 en la General','Top 8 en la General','1',6000000,4000000),(17,'3 o Más Victorias de Visitante','3 o Más Victorias de Visitante','1',4000000,2000000),(18,'10 o Más Goles a Favor en la General','10 o Más Goles a Favor en la General','1',4000000,2000000);
/*!40000 ALTER TABLE `conceptosponsor` ENABLE KEYS */;
UNLOCK TABLES;

--
-- Dumping data for table `configuraciondraft`
--

LOCK TABLES `configuraciondraft` WRITE;
/*!40000 ALTER TABLE `configuraciondraft` DISABLE KEYS */;
INSERT INTO `configuraciondraft` VALUES (1,'ofertaInicial','Oferta Inicial para draft',7000000),(2,'contraoferta','Contraoferta Draft',5000000),(3,'confirmacionDraft','Minutos para confirmar Draft',120),(4,'horaInicio','Hora que inicia el Draft',9),(5,'horaFin','Hora que termina el Draft',24);
/*!40000 ALTER TABLE `configuraciondraft` ENABLE KEYS */;
UNLOCK TABLES;

--
-- Dumping data for table `dadosfinancierossponsor`
--

LOCK TABLES `dadosfinancierossponsor` WRITE;
/*!40000 ALTER TABLE `dadosfinancierossponsor` DISABLE KEYS */;
/*!40000 ALTER TABLE `dadosfinancierossponsor` ENABLE KEYS */;
UNLOCK TABLES;

--
-- Dumping data for table `datosfinancieros`
--

LOCK TABLES `datosfinancieros` WRITE;
/*!40000 ALTER TABLE `datosfinancieros` DISABLE KEYS */;
/*!40000 ALTER TABLE `datosfinancieros` ENABLE KEYS */;
UNLOCK TABLES;

--
-- Dumping data for table `division`
--

LOCK TABLES `division` WRITE;
/*!40000 ALTER TABLE `division` DISABLE KEYS */;
INSERT INTO `division` VALUES (1,'1ra división LM','1ra division LM','1',1),(2,'2da division','2da division LM','1',1);
/*!40000 ALTER TABLE `division` ENABLE KEYS */;
UNLOCK TABLES;

--
-- Dumping data for table `draftpc`
--

LOCK TABLES `draftpc` WRITE;
/*!40000 ALTER TABLE `draftpc` DISABLE KEYS */;
/*!40000 ALTER TABLE `draftpc` ENABLE KEYS */;
UNLOCK TABLES;

--
-- Dumping data for table `equipos`
--

LOCK TABLES `equipos` WRITE;
/*!40000 ALTER TABLE `equipos` DISABLE KEYS */;
INSERT INTO `equipos` VALUES (1,'Agente Libre','Agente Libre','1',1),(2,'REAL MADRID CF','REAL MADRID CF','1',1),(3,'SEVILLA FC','SEVILLA FC','1',1),(4,'S.S.C NAPOLI','S.S.C NAPOLI','1',1),(5,'SL BENFICA','SL BENFICA','1',1),(6,'TOTTENHAM HOTSPUR FC','TOTTENHAM HOTSPUR FC','1',1),(7,'AFC AJAX','AFC AJAX','1',1),(8,'LIVERPOOL FC','LIVERPOOL FC','1',1),(9,'AC MILAN','AC MILAN','1',1),(10,'REAL BETIS BALOMPIÉ','REAL BETIS BALOMPIÉ','1',1),(11,'RB LEIPZIG','RB LEIPZIG','1',1),(12,'FC PORTO','FC PORTO','1',1),(13,'PSV EINDHOVEN','PSV EINDHOVEN','1',1),(14,'JUVENTUS FC','JUVENTUS FC','1',1),(15,'FC BARCELONA','FC BARCELONA','1',1),(16,'FC BAYERN MÜNCHEN','FC BAYERN MÜNCHEN','1',1),(17,'VfB STUTTGART','VfB STUTTGART','1',1),(18,'VALENCIA CF','VALENCIA CF','1',1),(19,'ATLÉTICO DE MADRID','ATLÉTICO DE MADRID','1',1),(20,'ACF FIORENTINA','ACF FIORENTINA','1',2),(21,'CA VÉLEZ SARSFIELD','CA VÉLEZ SARSFIELD','1',2),(22,'AS MONACO','AS MONACO','1',2),(23,'PARIS SAINT GERMAIN','PARIS SAINT GERMAIN','1',2),(24,'BORUSSIA DORTMUND','BORUSSIA DORTMUND','1',2),(25,'MANCHESTER CITY FC','MANCHESTER CITY FC','1',2),(26,'MANCHESTER UNITED FC','MANCHESTER UNITED FC','1',2),(27,'CHELSEA FC','CHELSEA FC','1',2),(28,'FC INTERNAZIONALE','FC INTERNAZIONALE','1',2),(29,'ARSENAL FC','ARSENAL FC','1',2),(30,'WOLVERHAMPTON FC','WOLVERHAMPTON FC','1',2),(31,'BAYER 04 LEVERKUSEN','BAYER 04 LEVERKUSEN','1',2),(32,'FC SCHALKE 04','FC SCHALKE 04','1',2),(33,'AS ROMA','AS ROMA','1',2),(34,'FC RED BULL SALZBURG','FC RED BULL SALZBURG','1',2),(35,'LEICESTER CITY FC FC','LEICESTER CITY FC FC','1',2);
/*!40000 ALTER TABLE `equipos` ENABLE KEYS */;
UNLOCK TABLES;

--
-- Dumping data for table `equipos_has_imagen`
--

LOCK TABLES `equipos_has_imagen` WRITE;
/*!40000 ALTER TABLE `equipos_has_imagen` DISABLE KEYS */;
INSERT INTO `equipos_has_imagen` VALUES (2,1,'https://cdn.sofifa.org/teams/10/dark/243@2x.png'),(2,2,'https://cdn.sofifa.org/teams/2/dark/243@2x.png'),(3,1,'https://cdn.sofifa.org/teams/10/dark/481@2x.png'),(3,2,'https://cdn.sofifa.org/teams/2/dark/481@2x.png'),(4,1,'https://cdn.sofifa.org/teams/10/dark/48@2x.png'),(4,2,'https://cdn.sofifa.org/teams/2/dark/48@2x.png'),(5,1,'https://cdn.sofifa.org/teams/10/dark/234@2x.png'),(5,2,'https://cdn.sofifa.org/teams/2/dark/234@2x.png'),(6,1,'https://cdn.sofifa.org/teams/10/dark/18@2x.png'),(6,2,'https://cdn.sofifa.org/teams/2/dark/18@2x.png'),(7,1,'https://cdn.sofifa.org/teams/10/dark/245@2x.png'),(7,2,'https://cdn.sofifa.org/teams/2/dark/245@2x.png'),(8,1,'https://cdn.sofifa.org/teams/10/dark/9@2x.png'),(8,2,'https://cdn.sofifa.org/teams/2/dark/9@2x.png'),(9,1,'https://cdn.sofifa.org/teams/10/dark/47@2x.png'),(9,2,'https://cdn.sofifa.org/teams/2/dark/47@2x.png'),(10,1,'https://cdn.sofifa.org/teams/10/dark/449@2x.png'),(10,2,'https://cdn.sofifa.org/teams/2/dark/449@2x.png'),(11,1,'https://cdn.sofifa.org/teams/10/dark/112172@2x.png'),(11,2,'https://cdn.sofifa.org/teams/2/dark/112172@2x.png'),(12,1,'https://cdn.sofifa.org/teams/10/dark/236@2x.png'),(12,2,'https://cdn.sofifa.org/teams/2/dark/236@2x.png'),(13,1,'https://cdn.sofifa.org/teams/10/dark/247@2x.png'),(13,2,'https://cdn.sofifa.org/teams/2/dark/247@2x.png'),(14,1,'https://cdn.sofifa.org/teams/10/dark/45@2x.png'),(14,2,'https://cdn.sofifa.org/teams/2/dark/45@2x.png'),(15,1,'https://cdn.sofifa.org/teams/10/dark/241@2x.png'),(15,2,'https://cdn.sofifa.org/teams/2/dark/241@2x.png'),(16,1,'https://cdn.sofifa.org/teams/10/dark/21@2x.png'),(16,2,'https://cdn.sofifa.org/teams/2/dark/21@2x.png'),(17,1,'https://cdn.sofifa.org/teams/10/dark/36@2x.png'),(17,2,'https://cdn.sofifa.org/teams/2/dark/36@2x.png'),(18,1,'https://cdn.sofifa.org/teams/10/dark/461@2x.png'),(18,2,'https://cdn.sofifa.org/teams/2/dark/461@2x.png'),(19,1,'https://cdn.sofifa.org/teams/10/dark/240@2x.png'),(19,2,'https://cdn.sofifa.org/teams/2/dark/240@2x.png'),(20,1,'https://cdn.sofifa.org/teams/10/dark/110374@2x.png'),(20,2,'https://cdn.sofifa.org/teams/2/dark/110374@2x.png'),(21,1,'https://cdn.sofifa.org/teams/10/dark/101088@2x.png'),(21,2,'https://cdn.sofifa.org/teams/2/dark/101088@2x.png'),(22,1,'https://cdn.sofifa.org/teams/10/dark/69@2x.png'),(22,2,'https://cdn.sofifa.org/teams/2/dark/69@2x.png'),(23,1,'https://cdn.sofifa.org/teams/10/dark/73@2x.png'),(23,2,'https://cdn.sofifa.org/teams/2/dark/73@2x.png'),(24,1,'https://cdn.sofifa.org/teams/10/dark/22@2x.png'),(24,2,'https://cdn.sofifa.org/teams/2/dark/22@2x.png'),(25,1,'https://cdn.sofifa.org/teams/10/dark/10@2x.png'),(25,2,'https://cdn.sofifa.org/teams/2/dark/10@2x.png'),(26,1,'https://cdn.sofifa.org/teams/10/dark/11@2x.png'),(26,2,'https://cdn.sofifa.org/teams/2/dark/11@2x.png'),(27,1,'https://cdn.sofifa.org/teams/10/dark/5@2x.png'),(27,2,'https://cdn.sofifa.org/teams/2/dark/5@2x.png'),(28,1,'https://cdn.sofifa.org/teams/10/dark/44@2x.png'),(28,2,'https://cdn.sofifa.org/teams/2/dark/44@2x.png'),(29,1,'https://cdn.sofifa.org/teams/10/dark/1@2x.png'),(29,2,'https://cdn.sofifa.org/teams/2/dark/1@2x.png'),(30,1,'https://cdn.sofifa.org/teams/10/dark/110@2x.png'),(30,2,'https://cdn.sofifa.org/teams/2/dark/110@2x.png'),(31,1,'https://cdn.sofifa.org/teams/10/dark/32@2x.png'),(31,2,'https://cdn.sofifa.org/teams/2/dark/32@2x.png'),(32,1,'https://cdn.sofifa.org/teams/10/dark/34@2x.png'),(32,2,'https://cdn.sofifa.org/teams/2/dark/34@2x.png'),(33,1,'https://cdn.sofifa.org/teams/10/dark/52@2x.png'),(33,2,'https://cdn.sofifa.org/teams/2/dark/52@2x.png'),(34,1,'https://cdn.sofifa.org/teams/10/dark/191@2x.png'),(34,2,'https://cdn.sofifa.org/teams/10/dark/191@2x.png'),(35,1,'https://cdn.sofifa.org/teams/10/dark/95@2x.png'),(35,2,'https://cdn.sofifa.org/teams/2/dark/95@2x.png');
/*!40000 ALTER TABLE `equipos_has_imagen` ENABLE KEYS */;
UNLOCK TABLES;

--
-- Dumping data for table `equipos_has_torneos`
--

LOCK TABLES `equipos_has_torneos` WRITE;
/*!40000 ALTER TABLE `equipos_has_torneos` DISABLE KEYS */;
INSERT INTO `equipos_has_torneos` VALUES (1,5),(2,5),(3,5),(4,5),(5,5),(6,5),(7,5),(8,5),(9,5),(10,5),(11,5),(12,5),(13,5),(14,5),(15,5),(16,5),(17,5),(18,5),(19,5),(20,5),(21,5),(22,5),(23,5),(24,5),(25,5),(26,5),(27,5),(28,5),(29,5),(30,5),(31,5),(32,5),(33,5),(34,5),(35,5);
/*!40000 ALTER TABLE `equipos_has_torneos` ENABLE KEYS */;
UNLOCK TABLES;

--
-- Dumping data for table `golesjornadas`
--

LOCK TABLES `golesjornadas` WRITE;
/*!40000 ALTER TABLE `golesjornadas` DISABLE KEYS */;
INSERT INTO `golesjornadas` VALUES (100,927,NULL,'2019-11-29',12,6838,458,0),(101,927,NULL,'2019-11-29',12,6838,458,0);
/*!40000 ALTER TABLE `golesjornadas` ENABLE KEYS */;
UNLOCK TABLES;

--
-- Dumping data for table `historicodraft`
--

LOCK TABLES `historicodraft` WRITE;
/*!40000 ALTER TABLE `historicodraft` DISABLE KEYS */;
/*!40000 ALTER TABLE `historicodraft` ENABLE KEYS */;
UNLOCK TABLES;

--
-- Dumping data for table `imagenesjornadas`
--

LOCK TABLES `imagenesjornadas` WRITE;
/*!40000 ALTER TABLE `imagenesjornadas` DISABLE KEYS */;
/*!40000 ALTER TABLE `imagenesjornadas` ENABLE KEYS */;
UNLOCK TABLES;

--
-- Dumping data for table `jornadas`
--

LOCK TABLES `jornadas` WRITE;
/*!40000 ALTER TABLE `jornadas` DISABLE KEYS */;
INSERT INTO `jornadas` VALUES (458,5,1,1,1,1,0),(459,5,1,2,1,1,0),(460,5,1,3,1,1,0),(461,5,1,4,1,1,0),(462,5,1,5,1,1,0),(463,5,1,6,1,0,0),(464,5,1,7,1,0,0),(465,5,1,8,1,0,0),(466,5,1,9,1,0,0),(467,5,1,10,1,0,0),(468,5,1,11,1,0,0),(469,5,1,12,1,0,0),(470,5,1,13,1,0,0),(471,5,1,14,1,0,0),(472,5,1,15,1,0,0),(473,5,1,16,1,0,0),(474,5,1,17,1,0,0);
/*!40000 ALTER TABLE `jornadas` ENABLE KEYS */;
UNLOCK TABLES;

--
-- Dumping data for table `jornadas_has_equipos`
--

LOCK TABLES `jornadas_has_equipos` WRITE;
/*!40000 ALTER TABLE `jornadas_has_equipos` DISABLE KEYS */;
INSERT INTO `jornadas_has_equipos` VALUES (6838,458,12,3,2,0),(6839,458,5,9,NULL,NULL),(6840,458,4,8,NULL,NULL),(6841,458,18,19,NULL,NULL),(6842,458,2,6,NULL,NULL),(6843,458,17,13,NULL,NULL),(6844,458,7,15,NULL,NULL),(6845,458,10,11,NULL,NULL),(6846,458,16,14,NULL,NULL),(6847,459,5,3,NULL,NULL),(6848,459,4,12,NULL,NULL),(6849,459,18,9,NULL,NULL),(6850,459,2,8,NULL,NULL),(6851,459,17,19,NULL,NULL),(6852,459,7,6,NULL,NULL),(6853,459,10,13,NULL,NULL),(6854,459,16,15,NULL,NULL),(6855,459,14,11,NULL,NULL),(6856,460,4,3,NULL,NULL),(6857,460,18,5,NULL,NULL),(6858,460,2,12,NULL,NULL),(6859,460,17,9,NULL,NULL),(6860,460,7,8,NULL,NULL),(6861,460,10,19,NULL,NULL),(6862,460,16,6,NULL,NULL),(6863,460,14,13,NULL,NULL),(6864,460,11,15,NULL,NULL),(6865,461,18,3,NULL,NULL),(6866,461,2,4,NULL,NULL),(6867,461,17,5,NULL,NULL),(6868,461,7,12,NULL,NULL),(6869,461,10,9,NULL,NULL),(6870,461,16,8,NULL,NULL),(6871,461,14,19,NULL,NULL),(6872,461,11,6,NULL,NULL),(6873,461,15,13,NULL,NULL),(6874,462,2,3,NULL,NULL),(6875,462,17,18,NULL,NULL),(6876,462,7,4,NULL,NULL),(6877,462,10,5,NULL,NULL),(6878,462,16,12,NULL,NULL),(6879,462,14,9,NULL,NULL),(6880,462,11,8,NULL,NULL),(6881,462,15,19,NULL,NULL),(6882,462,13,6,NULL,NULL),(6883,463,17,3,NULL,NULL),(6884,463,7,2,NULL,NULL),(6885,463,10,18,NULL,NULL),(6886,463,16,4,NULL,NULL),(6887,463,14,5,NULL,NULL),(6888,463,11,12,NULL,NULL),(6889,463,15,9,NULL,NULL),(6890,463,13,8,NULL,NULL),(6891,463,6,19,NULL,NULL),(6892,464,7,3,NULL,NULL),(6893,464,10,17,NULL,NULL),(6894,464,16,2,NULL,NULL),(6895,464,14,18,NULL,NULL),(6896,464,11,4,NULL,NULL),(6897,464,15,5,NULL,NULL),(6898,464,13,12,NULL,NULL),(6899,464,6,9,NULL,NULL),(6900,464,19,8,NULL,NULL),(6901,465,10,3,NULL,NULL),(6902,465,16,7,NULL,NULL),(6903,465,14,17,NULL,NULL),(6904,465,11,2,NULL,NULL),(6905,465,15,18,NULL,NULL),(6906,465,13,4,NULL,NULL),(6907,465,6,5,NULL,NULL),(6908,465,19,12,NULL,NULL),(6909,465,8,9,NULL,NULL),(6910,466,16,3,NULL,NULL),(6911,466,14,10,NULL,NULL),(6912,466,11,7,NULL,NULL),(6913,466,15,17,NULL,NULL),(6914,466,13,2,NULL,NULL),(6915,466,6,18,NULL,NULL),(6916,466,19,4,NULL,NULL),(6917,466,8,5,NULL,NULL),(6918,466,9,12,NULL,NULL),(6919,467,14,3,NULL,NULL),(6920,467,11,16,NULL,NULL),(6921,467,15,10,NULL,NULL),(6922,467,13,7,NULL,NULL),(6923,467,6,17,NULL,NULL),(6924,467,19,2,NULL,NULL),(6925,467,8,18,NULL,NULL),(6926,467,9,4,NULL,NULL),(6927,467,12,5,NULL,NULL),(6928,468,11,3,NULL,NULL),(6929,468,15,14,NULL,NULL),(6930,468,13,16,NULL,NULL),(6931,468,6,10,NULL,NULL),(6932,468,19,7,NULL,NULL),(6933,468,8,17,NULL,NULL),(6934,468,9,2,NULL,NULL),(6935,468,12,18,NULL,NULL),(6936,468,5,4,NULL,NULL),(6937,469,15,3,NULL,NULL),(6938,469,13,11,NULL,NULL),(6939,469,6,14,NULL,NULL),(6940,469,19,16,NULL,NULL),(6941,469,8,10,NULL,NULL),(6942,469,9,7,NULL,NULL),(6943,469,12,17,NULL,NULL),(6944,469,5,2,NULL,NULL),(6945,469,4,18,NULL,NULL),(6946,470,13,3,NULL,NULL),(6947,470,6,15,NULL,NULL),(6948,470,19,11,NULL,NULL),(6949,470,8,14,NULL,NULL),(6950,470,9,16,NULL,NULL),(6951,470,12,10,NULL,NULL),(6952,470,5,7,NULL,NULL),(6953,470,4,17,NULL,NULL),(6954,470,18,2,NULL,NULL),(6955,471,6,3,NULL,NULL),(6956,471,19,13,NULL,NULL),(6957,471,8,15,NULL,NULL),(6958,471,9,11,NULL,NULL),(6959,471,12,14,NULL,NULL),(6960,471,5,16,NULL,NULL),(6961,471,4,10,NULL,NULL),(6962,471,18,7,NULL,NULL),(6963,471,2,17,NULL,NULL),(6964,472,19,3,NULL,NULL),(6965,472,8,6,NULL,NULL),(6966,472,9,13,NULL,NULL),(6967,472,12,15,NULL,NULL),(6968,472,5,11,NULL,NULL),(6969,472,4,14,NULL,NULL),(6970,472,18,16,NULL,NULL),(6971,472,2,10,NULL,NULL),(6972,472,17,7,NULL,NULL),(6973,473,8,3,NULL,NULL),(6974,473,9,19,NULL,NULL),(6975,473,12,6,NULL,NULL),(6976,473,5,13,NULL,NULL),(6977,473,4,15,NULL,NULL),(6978,473,18,11,NULL,NULL),(6979,473,2,14,NULL,NULL),(6980,473,17,16,NULL,NULL),(6981,473,7,10,NULL,NULL),(6982,474,9,3,NULL,NULL),(6983,474,12,8,NULL,NULL),(6984,474,5,19,NULL,NULL),(6985,474,4,6,NULL,NULL),(6986,474,18,13,NULL,NULL),(6987,474,2,15,NULL,NULL),(6988,474,17,11,NULL,NULL),(6989,474,7,14,NULL,NULL),(6990,474,10,16,NULL,NULL);
/*!40000 ALTER TABLE `jornadas_has_equipos` ENABLE KEYS */;
UNLOCK TABLES;

--
-- Dumping data for table `liga`
--

LOCK TABLES `liga` WRITE;
/*!40000 ALTER TABLE `liga` DISABLE KEYS */;
INSERT INTO `liga` VALUES (1,'Liga Mundial Fifa xGamers','Liga Mundial Fifa xGamers');
/*!40000 ALTER TABLE `liga` ENABLE KEYS */;
UNLOCK TABLES;

--
-- Dumping data for table `persona`
--

LOCK TABLES `persona` WRITE;
/*!40000 ALTER TABLE `persona` DISABLE KEYS */;
INSERT INTO `persona` VALUES (502,NULL,NULL,NULL,'Alexander Nübel','Alexander Nübel',NULL,75,NULL,2,'1',NULL,NULL,NULL),(503,NULL,NULL,NULL,'Gianluigi Donnarumma','Gianluigi Donnarumma',NULL,85,NULL,2,'1',NULL,NULL,NULL),(504,NULL,NULL,NULL,'João Pedro Cavaco Cancelo','João Pedro Cavaco Cancelo',NULL,84,NULL,2,'1',NULL,NULL,NULL),(505,NULL,NULL,NULL,'Maximillian James Aarons','Maximillian James Aarons',NULL,72,NULL,2,'1',NULL,NULL,NULL),(506,NULL,NULL,NULL,'Antonio Rüdiger','Antonio Rüdiger',NULL,82,NULL,2,'1',NULL,NULL,NULL),(507,NULL,NULL,NULL,'Benjamin Pavard','Benjamin Pavard',NULL,79,NULL,2,'1',NULL,NULL,NULL),(508,NULL,NULL,NULL,'Abdou Diallo','Abdou Diallo',NULL,79,NULL,2,'1',NULL,NULL,NULL),(509,NULL,NULL,NULL,'Manuel Akanji','Manuel Akanji',NULL,83,NULL,2,'1',NULL,NULL,NULL),(510,NULL,NULL,NULL,'Merih Demiral','Merih Demiral',NULL,74,NULL,2,'1',NULL,NULL,NULL),(511,NULL,NULL,NULL,'Sergio Reguilon','Sergio Reguilon',NULL,77,NULL,2,'1',NULL,NULL,NULL),(512,NULL,NULL,NULL,'José Ángel Esmoris Tasende (Angeliño)','José Ángel Esmoris Tasende (Angeliño)',NULL,79,NULL,2,'1',NULL,NULL,NULL),(513,NULL,NULL,NULL,'Luka Modrić','Luka Modrić',NULL,90,NULL,2,'1',NULL,NULL,NULL),(514,NULL,NULL,NULL,'Jordan Brian Henderson','Jordan Brian Henderson',NULL,83,NULL,2,'1',NULL,NULL,NULL),(515,NULL,NULL,NULL,'Rodrigo Hernández Cascante','Rodrigo Hernández Cascante',NULL,85,NULL,2,'1',NULL,NULL,NULL),(516,NULL,NULL,NULL,'Florian Neuhaus','Florian Neuhaus',NULL,78,NULL,2,'1',NULL,NULL,NULL),(517,NULL,NULL,NULL,'Teun Koopmeiners','Teun Koopmeiners',NULL,76,NULL,2,'1',NULL,NULL,NULL),(518,NULL,NULL,NULL,'Gonçalo Manuel Ganchinho Guedes','Gonçalo Manuel Ganchinho Guedes',NULL,83,NULL,2,'1',NULL,NULL,NULL),(519,NULL,NULL,NULL,'Serge Gnabry','Serge Gnabry',NULL,84,NULL,2,'1',NULL,NULL,NULL),(520,NULL,NULL,NULL,'Marco Asensio Willemsen','Marco Asensio Willemsen',NULL,83,NULL,2,'1',NULL,NULL,NULL),(521,NULL,NULL,NULL,'Timo Werner','Timo Werner',NULL,83,NULL,2,'1',NULL,NULL,NULL),(522,NULL,NULL,NULL,'Wissam Ben Yedder','Wissam Ben Yedder',NULL,83,NULL,2,'1',NULL,NULL,NULL),(523,NULL,NULL,NULL,'Arkadiusz Milik','Arkadiusz Milik',NULL,83,NULL,2,'1',NULL,NULL,NULL),(524,NULL,NULL,NULL,'Vinícius José de Oliveira Júnior','Vinícius José de Oliveira Júnior',NULL,79,NULL,2,'1',NULL,NULL,NULL),(525,NULL,NULL,NULL,'Victor James Osimhen','Victor James Osimhen',NULL,75,NULL,2,'1',NULL,NULL,NULL),(526,NULL,NULL,NULL,'Rodrygo Silva de Goes','Rodrygo Silva de Goes',NULL,76,NULL,2,'1',NULL,NULL,NULL),(527,NULL,NULL,NULL,'Onana','Onana',NULL,80,NULL,3,'1',NULL,NULL,NULL),(528,NULL,NULL,NULL,'Lunin','Lunin',NULL,80,NULL,3,'1',NULL,NULL,NULL),(529,NULL,NULL,NULL,'A. Masuaku','A. Masuaku',NULL,80,NULL,3,'1',NULL,NULL,NULL),(530,NULL,NULL,NULL,'I. Konate','I. Konate',NULL,80,NULL,3,'1',NULL,NULL,NULL),(531,NULL,NULL,NULL,'T. Alexander,Arnold','T. Alexander,Arnold',NULL,80,NULL,3,'1',NULL,NULL,NULL),(532,NULL,NULL,NULL,'F. Bustos','F. Bustos',NULL,80,NULL,3,'1',NULL,NULL,NULL),(533,NULL,NULL,NULL,'Christensen','Christensen',NULL,80,NULL,3,'1',NULL,NULL,NULL),(534,NULL,NULL,NULL,'Tagliafico','Tagliafico',NULL,80,NULL,3,'1',NULL,NULL,NULL),(535,NULL,NULL,NULL,'Zouma','Zouma',NULL,80,NULL,3,'1',NULL,NULL,NULL),(536,NULL,NULL,NULL,'Elvedi','Elvedi',NULL,80,NULL,3,'1',NULL,NULL,NULL),(537,NULL,NULL,NULL,'Kolarov','Kolarov',NULL,80,NULL,3,'1',NULL,NULL,NULL),(538,NULL,NULL,NULL,'R. Fraser','R. Fraser',NULL,80,NULL,3,'1',NULL,NULL,NULL),(539,NULL,NULL,NULL,'Onyekuro','Onyekuro',NULL,80,NULL,3,'1',NULL,NULL,NULL),(540,NULL,NULL,NULL,'Delle Alli','Delle Alli',NULL,80,NULL,3,'1',NULL,NULL,NULL),(541,NULL,NULL,NULL,'Loftus,Cheek','Loftus,Cheek',NULL,80,NULL,3,'1',NULL,NULL,NULL),(542,NULL,NULL,NULL,'Almiron','Almiron',NULL,80,NULL,3,'1',NULL,NULL,NULL),(543,NULL,NULL,NULL,'Eggesteing','Eggesteing',NULL,80,NULL,3,'1',NULL,NULL,NULL),(544,NULL,NULL,NULL,'C. Eriksen','C. Eriksen',NULL,80,NULL,3,'1',NULL,NULL,NULL),(545,NULL,NULL,NULL,'Thuram','Thuram',NULL,80,NULL,3,'1',NULL,NULL,NULL),(546,NULL,NULL,NULL,'Choudhury','Choudhury',NULL,80,NULL,3,'1',NULL,NULL,NULL),(547,NULL,NULL,NULL,'Sterling','Sterling',NULL,80,NULL,3,'1',NULL,NULL,NULL),(548,NULL,NULL,NULL,'Brekalo','Brekalo',NULL,80,NULL,3,'1',NULL,NULL,NULL),(549,NULL,NULL,NULL,'D. Zapata','D. Zapata',NULL,80,NULL,3,'1',NULL,NULL,NULL),(550,NULL,NULL,NULL,'Ze luis','Ze luis',NULL,80,NULL,3,'1',NULL,NULL,NULL),(551,NULL,NULL,NULL,'Suso','Suso',NULL,80,NULL,3,'1',NULL,NULL,NULL),(552,NULL,NULL,NULL,'Pau López','Pau López',NULL,80,NULL,4,'1',NULL,NULL,NULL),(553,NULL,NULL,NULL,'Thomas Strakosha','Thomas Strakosha',NULL,80,NULL,4,'1',NULL,NULL,NULL),(554,NULL,NULL,NULL,'Denzel Dumfries','Denzel Dumfries',NULL,80,NULL,4,'1',NULL,NULL,NULL),(555,NULL,NULL,NULL,'Djibril Sidibé','Djibril Sidibé',NULL,80,NULL,4,'1',NULL,NULL,NULL),(556,NULL,NULL,NULL,'Milan Skriniar','Milan Skriniar',NULL,80,NULL,4,'1',NULL,NULL,NULL),(557,NULL,NULL,NULL,'Mattia Caldara','Mattia Caldara',NULL,80,NULL,4,'1',NULL,NULL,NULL),(558,NULL,NULL,NULL,'Niklas Stark','Niklas Stark',NULL,80,NULL,4,'1',NULL,NULL,NULL),(559,NULL,NULL,NULL,'Axel Tuanzebe','Axel Tuanzebe',NULL,80,NULL,4,'1',NULL,NULL,NULL),(560,NULL,NULL,NULL,'Benjamín Mendy','Benjamín Mendy',NULL,80,NULL,4,'1',NULL,NULL,NULL),(561,NULL,NULL,NULL,'Rúben Vinagre','Rúben Vinagre',NULL,80,NULL,4,'1',NULL,NULL,NULL),(562,NULL,NULL,NULL,'Lars Bender','Lars Bender',NULL,80,NULL,4,'1',NULL,NULL,NULL),(563,NULL,NULL,NULL,'Marcelo Brozovic','Marcelo Brozovic',NULL,80,NULL,4,'1',NULL,NULL,NULL),(564,NULL,NULL,NULL,'Asier Illaramendi','Asier Illaramendi',NULL,80,NULL,4,'1',NULL,NULL,NULL),(565,NULL,NULL,NULL,'Antonín Barák','Antonín Barák',NULL,80,NULL,4,'1',NULL,NULL,NULL),(566,NULL,NULL,NULL,'Eljif Elmas','Eljif Elmas',NULL,80,NULL,4,'1',NULL,NULL,NULL),(567,NULL,NULL,NULL,'Paulo Henrique Sampaio Filho','Paulo Henrique Sampaio Filho',NULL,80,NULL,4,'1',NULL,NULL,NULL),(568,NULL,NULL,NULL,'Gerard Deulofeu Lázaro','Gerard Deulofeu Lázaro',NULL,80,NULL,4,'1',NULL,NULL,NULL),(569,NULL,NULL,NULL,'Angel Gomes','Angel Gomes',NULL,80,NULL,4,'1',NULL,NULL,NULL),(570,NULL,NULL,NULL,'Giacomo Bonaventura','Giacomo Bonaventura',NULL,80,NULL,4,'1',NULL,NULL,NULL),(571,NULL,NULL,NULL,'Luis Alberto','Luis Alberto',NULL,80,NULL,4,'1',NULL,NULL,NULL),(572,NULL,NULL,NULL,'Simeone Verdi','Simeone Verdi',NULL,80,NULL,4,'1',NULL,NULL,NULL),(573,NULL,NULL,NULL,'Bernard','Bernard',NULL,80,NULL,4,'1',NULL,NULL,NULL),(574,NULL,NULL,NULL,'Donyell Malen','Donyell Malen',NULL,80,NULL,4,'1',NULL,NULL,NULL),(575,NULL,NULL,NULL,'Dominic Calvert,Lewis','Dominic Calvert,Lewis',NULL,80,NULL,4,'1',NULL,NULL,NULL),(576,NULL,NULL,NULL,'Florian Müller','Florian Müller',NULL,80,NULL,20,'1',NULL,NULL,NULL),(577,NULL,NULL,NULL,'Jonathan Tah','Jonathan Tah',NULL,80,NULL,20,'1',NULL,NULL,NULL),(578,NULL,NULL,NULL,'Nathaniel Clyne','Nathaniel Clyne',NULL,80,NULL,20,'1',NULL,NULL,NULL),(579,NULL,NULL,NULL,'José Diogo Dalot Teixeira','José Diogo Dalot Teixeira',NULL,80,NULL,20,'1',NULL,NULL,NULL),(580,NULL,NULL,NULL,'Issa Diop','Issa Diop',NULL,80,NULL,20,'1',NULL,NULL,NULL),(581,NULL,NULL,NULL,'Diogo Filipe Monteiro Pinto Leite (Diogo Leite','Diogo Filipe Monteiro Pinto Leite (Diogo Leite',NULL,80,NULL,20,'1',NULL,NULL,NULL),(582,NULL,NULL,NULL,'William Saliba','William Saliba',NULL,80,NULL,20,'1',NULL,NULL,NULL),(583,NULL,NULL,NULL,'Dalbert (Dalbert Henrique Chagas Estevão','Dalbert (Dalbert Henrique Chagas Estevão',NULL,80,NULL,20,'1',NULL,NULL,NULL),(584,NULL,NULL,NULL,'Givanildo Vieira de Souza (Hulk','Givanildo Vieira de Souza (Hulk',NULL,80,NULL,20,'1',NULL,NULL,NULL),(585,NULL,NULL,NULL,'Marcos Acuña','Marcos Acuña',NULL,80,NULL,20,'1',NULL,NULL,NULL),(586,NULL,NULL,NULL,'Nahitan Nández','Nahitan Nández',NULL,80,NULL,20,'1',NULL,NULL,NULL),(587,NULL,NULL,NULL,'Marcus Wendell Valle da silva (Wendell','Marcus Wendell Valle da silva (Wendell',NULL,80,NULL,20,'1',NULL,NULL,NULL),(588,NULL,NULL,NULL,'Lorenzo Pellegrini','Lorenzo Pellegrini',NULL,80,NULL,20,'1',NULL,NULL,NULL),(589,NULL,NULL,NULL,'Oliver Skipp','Oliver Skipp',NULL,80,NULL,20,'1',NULL,NULL,NULL),(590,NULL,NULL,NULL,'Toni Kroos','Toni Kroos',NULL,80,NULL,20,'1',NULL,NULL,NULL),(591,NULL,NULL,NULL,'Marcel Sabitze','Marcel Sabitze',NULL,80,NULL,20,'1',NULL,NULL,NULL),(592,NULL,NULL,NULL,'Luis Suárez','Luis Suárez',NULL,80,NULL,20,'1',NULL,NULL,NULL),(593,NULL,NULL,NULL,'Pedro (Pedro Guilherme Abreu dos Santos','Pedro (Pedro Guilherme Abreu dos Santos',NULL,80,NULL,20,'1',NULL,NULL,NULL),(594,NULL,NULL,NULL,'Harry Wilson','Harry Wilson',NULL,80,NULL,20,'1',NULL,NULL,NULL),(595,NULL,NULL,NULL,'Patrik Schick','Patrik Schick',NULL,80,NULL,20,'1',NULL,NULL,NULL),(596,NULL,NULL,NULL,'Calvin Stengs','Calvin Stengs',NULL,80,NULL,20,'1',NULL,NULL,NULL),(597,NULL,NULL,NULL,'Hiroki Abe','Hiroki Abe',NULL,80,NULL,20,'1',NULL,NULL,NULL),(598,NULL,NULL,NULL,'Mario Balotelli','Mario Balotelli',NULL,80,NULL,20,'1',NULL,NULL,NULL),(599,NULL,NULL,NULL,'Rafael Alexandre Fernandes Ferreira da Silva (Rafael','Rafael Alexandre Fernandes Ferreira da Silva (Rafael',NULL,80,NULL,20,'1',NULL,NULL,NULL),(600,NULL,NULL,NULL,'R. Fährmann','R. Fährmann',NULL,85,NULL,5,'1',NULL,NULL,NULL),(601,NULL,NULL,NULL,'B. Lecomte','B. Lecomte',NULL,85,NULL,5,'1',NULL,NULL,NULL),(602,NULL,NULL,NULL,'A. Laporte','A. Laporte',NULL,85,NULL,5,'1',NULL,NULL,NULL),(603,NULL,NULL,NULL,'Grimaldo','Grimaldo',NULL,85,NULL,5,'1',NULL,NULL,NULL),(604,NULL,NULL,NULL,'N. Tavares','N. Tavares',NULL,85,NULL,5,'1',NULL,NULL,NULL),(605,NULL,NULL,NULL,'E. Bailly','E. Bailly',NULL,85,NULL,5,'1',NULL,NULL,NULL),(606,NULL,NULL,NULL,'K. Mbabu','K. Mbabu',NULL,85,NULL,5,'1',NULL,NULL,NULL),(607,NULL,NULL,NULL,'L. Klostermann','L. Klostermann',NULL,85,NULL,5,'1',NULL,NULL,NULL),(608,NULL,NULL,NULL,'S. Sané','S. Sané',NULL,85,NULL,5,'1',NULL,NULL,NULL),(609,NULL,NULL,NULL,'A. Izzo','A. Izzo',NULL,85,NULL,5,'1',NULL,NULL,NULL),(610,NULL,NULL,NULL,'M. Reus','M. Reus',NULL,85,NULL,5,'1',NULL,NULL,NULL),(611,NULL,NULL,NULL,'L. Robertone','L. Robertone',NULL,85,NULL,5,'1',NULL,NULL,NULL),(612,NULL,NULL,NULL,'R. Nainggolan','R. Nainggolan',NULL,85,NULL,5,'1',NULL,NULL,NULL),(613,NULL,NULL,NULL,'H. Son','H. Son',NULL,85,NULL,5,'1',NULL,NULL,NULL),(614,NULL,NULL,NULL,'G: Kerk','G: Kerk',NULL,85,NULL,5,'1',NULL,NULL,NULL),(615,NULL,NULL,NULL,'R. Malinovskyi','R. Malinovskyi',NULL,85,NULL,5,'1',NULL,NULL,NULL),(616,NULL,NULL,NULL,'M. Sissoko','M. Sissoko',NULL,85,NULL,5,'1',NULL,NULL,NULL),(617,NULL,NULL,NULL,'S. Meïté','S. Meïté',NULL,85,NULL,5,'1',NULL,NULL,NULL),(618,NULL,NULL,NULL,'A. Maitland,Niles','A. Maitland,Niles',NULL,85,NULL,5,'1',NULL,NULL,NULL),(619,NULL,NULL,NULL,'R. Skov','R. Skov',NULL,85,NULL,5,'1',NULL,NULL,NULL),(620,NULL,NULL,NULL,'E. Elia','E. Elia',NULL,85,NULL,5,'1',NULL,NULL,NULL),(621,NULL,NULL,NULL,'E. Hazard','E. Hazard',NULL,85,NULL,5,'1',NULL,NULL,NULL),(622,NULL,NULL,NULL,'M. Depay','M. Depay',NULL,85,NULL,5,'1',NULL,NULL,NULL),(623,NULL,NULL,NULL,'C. Wilson','C. Wilson',NULL,85,NULL,5,'1',NULL,NULL,NULL),(624,NULL,NULL,NULL,'E. Dzeko','E. Dzeko',NULL,85,NULL,5,'1',NULL,NULL,NULL),(625,NULL,NULL,NULL,'C. Wilson','C. Wilson',NULL,85,NULL,5,'1',NULL,NULL,NULL),(626,NULL,NULL,NULL,'E. Dzeko','E. Dzeko',NULL,85,NULL,5,'1',NULL,NULL,NULL),(627,NULL,NULL,NULL,'A. Laporte','A. Laporte',NULL,85,NULL,5,'1',NULL,NULL,NULL),(628,NULL,NULL,NULL,'M. Reus','M. Reus',NULL,85,NULL,5,'1',NULL,NULL,NULL),(629,NULL,NULL,NULL,'Jasper Cillessen','Jasper Cillessen',NULL,80,NULL,21,'1',NULL,NULL,NULL),(630,NULL,NULL,NULL,'Dominik Livaković','Dominik Livaković',NULL,80,NULL,21,'1',NULL,NULL,NULL),(631,NULL,NULL,NULL,'J. Roussillon','J. Roussillon',NULL,80,NULL,21,'1',NULL,NULL,NULL),(632,NULL,NULL,NULL,'Filip Kostić','Filip Kostić',NULL,80,NULL,21,'1',NULL,NULL,NULL),(633,NULL,NULL,NULL,'S. Coates','S. Coates',NULL,80,NULL,21,'1',NULL,NULL,NULL),(634,NULL,NULL,NULL,'Matija Nastasić','Matija Nastasić',NULL,80,NULL,21,'1',NULL,NULL,NULL),(635,NULL,NULL,NULL,'Daniele Rugani','Daniele Rugani',NULL,80,NULL,21,'1',NULL,NULL,NULL),(636,NULL,NULL,NULL,'Juan Marcos Foyth','Juan Marcos Foyth',NULL,80,NULL,21,'1',NULL,NULL,NULL),(637,NULL,NULL,NULL,'Kenny Lala','Kenny Lala',NULL,80,NULL,21,'1',NULL,NULL,NULL),(638,NULL,NULL,NULL,'Dani Ceballos','Dani Ceballos',NULL,80,NULL,21,'1',NULL,NULL,NULL),(639,NULL,NULL,NULL,'Danilo Pereira','Danilo Pereira',NULL,80,NULL,21,'1',NULL,NULL,NULL),(640,NULL,NULL,NULL,'Parejo','Parejo',NULL,80,NULL,21,'1',NULL,NULL,NULL),(641,NULL,NULL,NULL,'Nicolás Domínguez','Nicolás Domínguez',NULL,80,NULL,21,'1',NULL,NULL,NULL),(642,NULL,NULL,NULL,'Ismaël Bennacer','Ismaël Bennacer',NULL,80,NULL,21,'1',NULL,NULL,NULL),(643,NULL,NULL,NULL,'Jonathan Bamba','Jonathan Bamba',NULL,80,NULL,21,'1',NULL,NULL,NULL),(644,NULL,NULL,NULL,'Sean Longstaff','Sean Longstaff',NULL,80,NULL,21,'1',NULL,NULL,NULL),(645,NULL,NULL,NULL,'David Silva','David Silva',NULL,80,NULL,21,'1',NULL,NULL,NULL),(646,NULL,NULL,NULL,'Bruma','Bruma',NULL,80,NULL,21,'1',NULL,NULL,NULL),(647,NULL,NULL,NULL,'Håkon Evjen','Håkon Evjen',NULL,80,NULL,21,'1',NULL,NULL,NULL),(648,NULL,NULL,NULL,'Taison','Taison',NULL,80,NULL,21,'1',NULL,NULL,NULL),(649,NULL,NULL,NULL,'Dominik Szoboszlai','Dominik Szoboszlai',NULL,80,NULL,21,'1',NULL,NULL,NULL),(650,NULL,NULL,NULL,'Mandžukić','Mandžukić',NULL,80,NULL,21,'1',NULL,NULL,NULL),(651,NULL,NULL,NULL,'Nikola Vlašić','Nikola Vlašić',NULL,80,NULL,21,'1',NULL,NULL,NULL),(652,NULL,NULL,NULL,'Moussa Dembélé','Moussa Dembélé',NULL,80,NULL,21,'1',NULL,NULL,NULL),(653,NULL,NULL,NULL,'Jonathan David','Jonathan David',NULL,80,NULL,21,'1',NULL,NULL,NULL),(654,NULL,NULL,NULL,'H. Lloris','H. Lloris',NULL,88,NULL,6,'1',NULL,NULL,NULL),(655,NULL,NULL,NULL,'K. Casteels','K. Casteels',NULL,83,NULL,6,'1',NULL,NULL,NULL),(656,NULL,NULL,NULL,'C. Smalling','C. Smalling',NULL,80,NULL,6,'1',NULL,NULL,NULL),(657,NULL,NULL,NULL,'Azpilicueta','Azpilicueta',NULL,84,NULL,6,'1',NULL,NULL,NULL),(658,NULL,NULL,NULL,'J. Denayer','J. Denayer',NULL,79,NULL,6,'1',NULL,NULL,NULL),(659,NULL,NULL,NULL,'Gayà','Gayà',NULL,81,NULL,6,'1',NULL,NULL,NULL),(660,NULL,NULL,NULL,'Y. Koné','Y. Koné',NULL,75,NULL,6,'1',NULL,NULL,NULL),(661,NULL,NULL,NULL,'L. Advincula','L. Advincula',NULL,74,NULL,6,'1',NULL,NULL,NULL),(662,NULL,NULL,NULL,'M. Çelik','M. Çelik',NULL,76,NULL,6,'1',NULL,NULL,NULL),(663,NULL,NULL,NULL,'S. Berge','S. Berge',NULL,79,NULL,6,'1',NULL,NULL,NULL),(664,NULL,NULL,NULL,'Thiago Mendes','Thiago Mendes',NULL,81,NULL,6,'1',NULL,NULL,NULL),(665,NULL,NULL,NULL,'A. Golovin','A. Golovin',NULL,79,NULL,6,'1',NULL,NULL,NULL),(666,NULL,NULL,NULL,'M. Kovačić','M. Kovačić',NULL,82,NULL,6,'1',NULL,NULL,NULL),(667,NULL,NULL,NULL,'A. Mac Allister','A. Mac Allister',NULL,76,NULL,6,'1',NULL,NULL,NULL),(668,NULL,NULL,NULL,'G. Martinez','G. Martinez',NULL,78,NULL,6,'1',NULL,NULL,NULL),(669,NULL,NULL,NULL,'J. Quintero','J. Quintero',NULL,80,NULL,6,'1',NULL,NULL,NULL),(670,NULL,NULL,NULL,'Y. Carrasco','Y. Carrasco',NULL,83,NULL,6,'1',NULL,NULL,NULL),(671,NULL,NULL,NULL,'S. Kalu','S. Kalu',NULL,75,NULL,6,'1',NULL,NULL,NULL),(672,NULL,NULL,NULL,'Santi Mina','Santi Mina',NULL,80,NULL,6,'1',NULL,NULL,NULL),(673,NULL,NULL,NULL,'F. Chiesa','F. Chiesa',NULL,79,NULL,6,'1',NULL,NULL,NULL),(674,NULL,NULL,NULL,'L. Bailey','L. Bailey',NULL,82,NULL,6,'1',NULL,NULL,NULL),(675,NULL,NULL,NULL,'W. Zaha','W. Zaha',NULL,82,NULL,6,'1',NULL,NULL,NULL),(676,NULL,NULL,NULL,'De Tomás','De Tomás',NULL,79,NULL,6,'1',NULL,NULL,NULL),(677,NULL,NULL,NULL,'T. Parrott','T. Parrott',NULL,64,NULL,6,'1',NULL,NULL,NULL),(678,NULL,NULL,NULL,'L. Trossard','L. Trossard',NULL,79,NULL,6,'1',NULL,NULL,NULL),(679,NULL,NULL,NULL,'M. Neuer','M. Neuer',NULL,80,NULL,22,'1',NULL,NULL,NULL),(680,NULL,NULL,NULL,'C. Früchtl','C. Früchtl',NULL,80,NULL,22,'1',NULL,NULL,NULL),(681,NULL,NULL,NULL,'Patrick van Aanholt','Patrick van Aanholt',NULL,80,NULL,22,'1',NULL,NULL,NULL),(682,NULL,NULL,NULL,'Chancel Mbemba','Chancel Mbemba',NULL,80,NULL,22,'1',NULL,NULL,NULL),(683,NULL,NULL,NULL,'Victor Nilsson Lindelöf','Victor Nilsson Lindelöf',NULL,80,NULL,22,'1',NULL,NULL,NULL),(684,NULL,NULL,NULL,'Joshua Kimmich','Joshua Kimmich',NULL,80,NULL,22,'1',NULL,NULL,NULL),(685,NULL,NULL,NULL,'Riza Durmisi','Riza Durmisi',NULL,80,NULL,22,'1',NULL,NULL,NULL),(686,NULL,NULL,NULL,'Matthias Ginter','Matthias Ginter',NULL,80,NULL,22,'1',NULL,NULL,NULL),(687,NULL,NULL,NULL,'Matthijs de Ligt','Matthijs de Ligt',NULL,80,NULL,22,'1',NULL,NULL,NULL),(688,NULL,NULL,NULL,'Sami Khedira','Sami Khedira',NULL,80,NULL,22,'1',NULL,NULL,NULL),(689,NULL,NULL,NULL,'D. Amartey','D. Amartey',NULL,80,NULL,22,'1',NULL,NULL,NULL),(690,NULL,NULL,NULL,'Gotze','Gotze',NULL,80,NULL,22,'1',NULL,NULL,NULL),(691,NULL,NULL,NULL,'Fernandinho','Fernandinho',NULL,80,NULL,22,'1',NULL,NULL,NULL),(692,NULL,NULL,NULL,'Kingsley Coman','Kingsley Coman',NULL,80,NULL,22,'1',NULL,NULL,NULL),(693,NULL,NULL,NULL,'Nadiem Amiri','Nadiem Amiri',NULL,80,NULL,22,'1',NULL,NULL,NULL),(694,NULL,NULL,NULL,'Amin Younes','Amin Younes',NULL,80,NULL,22,'1',NULL,NULL,NULL),(695,NULL,NULL,NULL,'Ademola Lookman','Ademola Lookman',NULL,80,NULL,22,'1',NULL,NULL,NULL),(696,NULL,NULL,NULL,'M. van Bergen','M. van Bergen',NULL,80,NULL,22,'1',NULL,NULL,NULL),(697,NULL,NULL,NULL,'Tammy Abraham','Tammy Abraham',NULL,80,NULL,22,'1',NULL,NULL,NULL),(698,NULL,NULL,NULL,'Y. Poulsen','Y. Poulsen',NULL,80,NULL,22,'1',NULL,NULL,NULL),(699,NULL,NULL,NULL,'J. Vardy','J. Vardy',NULL,80,NULL,22,'1',NULL,NULL,NULL),(700,NULL,NULL,NULL,'Divock Origi','Divock Origi',NULL,80,NULL,22,'1',NULL,NULL,NULL),(701,NULL,NULL,NULL,'Ihlas Bebou','Ihlas Bebou',NULL,80,NULL,22,'1',NULL,NULL,NULL),(702,NULL,NULL,NULL,'Christian Benteke','Christian Benteke',NULL,80,NULL,22,'1',NULL,NULL,NULL),(703,NULL,NULL,NULL,'KEPA','KEPA',NULL,84,NULL,7,'1',NULL,NULL,NULL),(704,NULL,NULL,NULL,'M. MAIGNAN','M. MAIGNAN',NULL,80,NULL,7,'1',NULL,NULL,NULL),(705,NULL,NULL,NULL,'A. WAN,BISSAKA','A. WAN,BISSAKA',NULL,79,NULL,7,'1',NULL,NULL,NULL),(706,NULL,NULL,NULL,'A. MANDI','A. MANDI',NULL,80,NULL,7,'1',NULL,NULL,NULL),(707,NULL,NULL,NULL,'J. GIMÉNEZ','J. GIMÉNEZ',NULL,85,NULL,7,'1',NULL,NULL,NULL),(708,NULL,NULL,NULL,'M. SALISU','M. SALISU',NULL,70,NULL,7,'1',NULL,NULL,NULL),(709,NULL,NULL,NULL,'L. KOSCIELNY','L. KOSCIELNY',NULL,81,NULL,7,'1',NULL,NULL,NULL),(710,NULL,NULL,NULL,'M. CASCO','M. CASCO',NULL,77,NULL,7,'1',NULL,NULL,NULL),(711,NULL,NULL,NULL,'S. DEST','S. DEST',NULL,67,NULL,7,'1',NULL,NULL,NULL),(712,NULL,NULL,NULL,'A. DOUCOURÉ','A. DOUCOURÉ',NULL,81,NULL,7,'1',NULL,NULL,NULL),(713,NULL,NULL,NULL,'I. SANGARÉ','I. SANGARÉ',NULL,76,NULL,7,'1',NULL,NULL,NULL),(714,NULL,NULL,NULL,'R. GRAVENBERCH','R. GRAVENBERCH',NULL,67,NULL,7,'1',NULL,NULL,NULL),(715,NULL,NULL,NULL,'M. GUENDOUZI','M. GUENDOUZI',NULL,76,NULL,7,'1',NULL,NULL,NULL),(716,NULL,NULL,NULL,'ALLAN','ALLAN',NULL,85,NULL,7,'1',NULL,NULL,NULL),(717,NULL,NULL,NULL,'M. ÖZIL','M. ÖZIL',NULL,84,NULL,7,'1',NULL,NULL,NULL),(718,NULL,NULL,NULL,'B. SOUMARÉ','B. SOUMARÉ',NULL,74,NULL,7,'1',NULL,NULL,NULL),(719,NULL,NULL,NULL,'T. TADIC','T. TADIC',NULL,84,NULL,7,'1',NULL,NULL,NULL),(720,NULL,NULL,NULL,'M. ZARACHO','M. ZARACHO',NULL,78,NULL,7,'1',NULL,NULL,NULL),(721,NULL,NULL,NULL,'P. FODEN','P. FODEN',NULL,76,NULL,7,'1',NULL,NULL,NULL),(722,NULL,NULL,NULL,'A. SAITN,MAXIMIN','A. SAITN,MAXIMIN',NULL,79,NULL,7,'1',NULL,NULL,NULL),(723,NULL,NULL,NULL,'D. COSTA','D. COSTA',NULL,84,NULL,7,'1',NULL,NULL,NULL),(724,NULL,NULL,NULL,'M. VARGAS','M. VARGAS',NULL,77,NULL,7,'1',NULL,NULL,NULL),(725,NULL,NULL,NULL,'R. MAHREZ','R. MAHREZ',NULL,84,NULL,7,'1',NULL,NULL,NULL),(726,NULL,NULL,NULL,'JOELINTON','JOELINTON',NULL,78,NULL,7,'1',NULL,NULL,NULL),(727,NULL,NULL,NULL,'S. HALLER','S. HALLER',NULL,83,NULL,7,'1',NULL,NULL,NULL),(728,NULL,NULL,NULL,'M. Bułka','M. Bułka',NULL,60,NULL,23,'1',NULL,NULL,NULL),(729,NULL,NULL,NULL,'Bernat','Bernat',NULL,80,NULL,23,'1',NULL,NULL,NULL),(730,NULL,NULL,NULL,'LUCAS MOURA','LUCAS MOURA',NULL,83,NULL,23,'1',NULL,NULL,NULL),(731,NULL,NULL,NULL,'DI MARIA','DI MARIA',NULL,86,NULL,23,'1',NULL,NULL,NULL),(732,NULL,NULL,NULL,'MARTIN ODEGAARD','MARTIN ODEGAARD',NULL,78,NULL,23,'1',NULL,NULL,NULL),(733,NULL,NULL,NULL,'C. DAGBA','C. DAGBA',NULL,72,NULL,23,'1',NULL,NULL,NULL),(734,NULL,NULL,NULL,'ALISSON','ALISSON',NULL,87,NULL,23,'1',NULL,NULL,NULL),(735,NULL,NULL,NULL,'A. Harit','A. Harit',NULL,76,NULL,23,'1',NULL,NULL,NULL),(736,NULL,NULL,NULL,'N. FEKIR','N. FEKIR',NULL,84,NULL,23,'1',NULL,NULL,NULL),(737,NULL,NULL,NULL,'K. Laimer','K. Laimer',NULL,77,NULL,23,'1',NULL,NULL,NULL),(738,NULL,NULL,NULL,'ETHAN AMPADU','ETHAN AMPADU',NULL,67,NULL,23,'1',NULL,NULL,NULL),(739,NULL,NULL,NULL,'PACO ALCÁCER','PACO ALCÁCER',NULL,83,NULL,23,'1',NULL,NULL,NULL),(740,NULL,NULL,NULL,'GERARD PIQUÉ','GERARD PIQUÉ',NULL,88,NULL,23,'1',NULL,NULL,NULL),(741,NULL,NULL,NULL,'FELIPE ANDERSON','FELIPE ANDERSON',NULL,84,NULL,23,'1',NULL,NULL,NULL),(742,NULL,NULL,NULL,'NKUNKU','NKUNKU',NULL,77,NULL,23,'1',NULL,NULL,NULL),(743,NULL,NULL,NULL,'H. ZIYECH','H. ZIYECH',NULL,85,NULL,23,'1',NULL,NULL,NULL),(744,NULL,NULL,NULL,'STANLEY N´SOKY','STANLEY N´SOKY',NULL,68,NULL,23,'1',NULL,NULL,NULL),(745,NULL,NULL,NULL,'YACINE ADLI','YACINE ADLI',NULL,65,NULL,23,'1',NULL,NULL,NULL),(746,NULL,NULL,NULL,'ADRIEN RABIOT','ADRIEN RABIOT',NULL,83,NULL,23,'1',NULL,NULL,NULL),(747,NULL,NULL,NULL,'H. Winks','H. Winks',NULL,80,NULL,23,'1',NULL,NULL,NULL),(748,NULL,NULL,NULL,'WILLIAM CARVALHO','WILLIAM CARVALHO',NULL,83,NULL,23,'1',NULL,NULL,NULL),(749,NULL,NULL,NULL,'ALEXANDER ISAK','ALEXANDER ISAK',NULL,74,NULL,23,'1',NULL,NULL,NULL),(750,NULL,NULL,NULL,'C. Tolisso','C. Tolisso',NULL,83,NULL,23,'1',NULL,NULL,NULL),(751,NULL,NULL,NULL,'S. DE VRIJ','S. DE VRIJ',NULL,84,NULL,23,'1',NULL,NULL,NULL),(752,NULL,NULL,NULL,'QUINCY PROMES','QUINCY PROMES',NULL,82,NULL,23,'1',NULL,NULL,NULL),(753,NULL,NULL,NULL,'Yann Sommer','Yann Sommer',NULL,84,NULL,24,'1',NULL,NULL,NULL),(754,NULL,NULL,NULL,'Emil Audero','Emil Audero',NULL,77,NULL,24,'1',NULL,NULL,NULL),(755,NULL,NULL,NULL,'David Luiz','David Luiz',NULL,83,NULL,24,'1',NULL,NULL,NULL),(756,NULL,NULL,NULL,'Ben Davies','Ben Davies',NULL,79,NULL,24,'1',NULL,NULL,NULL),(757,NULL,NULL,NULL,'Achraf Hakimi','Achraf Hakimi',NULL,79,NULL,24,'1',NULL,NULL,NULL),(758,NULL,NULL,NULL,'Nathan Aké','Nathan Aké',NULL,80,NULL,24,'1',NULL,NULL,NULL),(759,NULL,NULL,NULL,'Joe Gomez','Joe Gomez',NULL,80,NULL,24,'1',NULL,NULL,NULL),(760,NULL,NULL,NULL,'Luiz Felipe Ramos Marchi','Luiz Felipe Ramos Marchi',NULL,77,NULL,24,'1',NULL,NULL,NULL),(761,NULL,NULL,NULL,'Alessandro Bastoni','Alessandro Bastoni',NULL,72,NULL,24,'1',NULL,NULL,NULL),(762,NULL,NULL,NULL,'Bruno Fernandes','Bruno Fernandes',NULL,85,NULL,24,'1',NULL,NULL,NULL),(763,NULL,NULL,NULL,'Arne Maier','Arne Maier',NULL,77,NULL,24,'1',NULL,NULL,NULL),(764,NULL,NULL,NULL,'Marco Parolo','Marco Parolo',NULL,81,NULL,24,'1',NULL,NULL,NULL),(765,NULL,NULL,NULL,'Marko Grujic','Marko Grujic',NULL,77,NULL,24,'1',NULL,NULL,NULL),(766,NULL,NULL,NULL,'M. Dahoud','M. Dahoud',NULL,78,NULL,24,'1',NULL,NULL,NULL),(767,NULL,NULL,NULL,'Mikel Merino Zazón','Mikel Merino Zazón',NULL,79,NULL,24,'1',NULL,NULL,NULL),(768,NULL,NULL,NULL,'Ezequiel Barco','Ezequiel Barco',NULL,74,NULL,24,'1',NULL,NULL,NULL),(769,NULL,NULL,NULL,'Reiss Nelson','Reiss Nelson',NULL,72,NULL,24,'1',NULL,NULL,NULL),(770,NULL,NULL,NULL,'Ferrán Torres','Ferrán Torres',NULL,75,NULL,24,'1',NULL,NULL,NULL),(771,NULL,NULL,NULL,'Florian Thauvin','Florian Thauvin',NULL,83,NULL,24,'1',NULL,NULL,NULL),(772,NULL,NULL,NULL,'Morgan Sanson','Morgan Sanson',NULL,79,NULL,24,'1',NULL,NULL,NULL),(773,NULL,NULL,NULL,'I. Aspas','I. Aspas',NULL,85,NULL,24,'1',NULL,NULL,NULL),(774,NULL,NULL,NULL,'Luka Jović','Luka Jović',NULL,83,NULL,24,'1',NULL,NULL,NULL),(775,NULL,NULL,NULL,'Diogo Jota','Diogo Jota',NULL,80,NULL,24,'1',NULL,NULL,NULL),(776,NULL,NULL,NULL,'João Félix','João Félix',NULL,80,NULL,24,'1',NULL,NULL,NULL),(777,NULL,NULL,NULL,'Amath Ndiaye Diedhiou','Amath Ndiaye Diedhiou',NULL,76,NULL,24,'1',NULL,NULL,NULL),(778,NULL,NULL,NULL,'P. Gulácsi','P. Gulácsi',NULL,85,NULL,8,'1',NULL,NULL,NULL),(779,NULL,NULL,NULL,'Marc André Ter Stegen','Marc André Ter Stegen',NULL,85,NULL,8,'1',NULL,NULL,NULL),(780,NULL,NULL,NULL,'Andrew Robertson','Andrew Robertson',NULL,85,NULL,8,'1',NULL,NULL,NULL),(781,NULL,NULL,NULL,'Samuel Umtiti','Samuel Umtiti',NULL,85,NULL,8,'1',NULL,NULL,NULL),(782,NULL,NULL,NULL,'Héctor Bellerín','Héctor Bellerín',NULL,85,NULL,8,'1',NULL,NULL,NULL),(783,NULL,NULL,NULL,'Danilo (Danilo Luiz da Silva)','Danilo (Danilo Luiz da Silva)',NULL,85,NULL,8,'1',NULL,NULL,NULL),(784,NULL,NULL,NULL,'Sepp Van den Berg','Sepp Van den Berg',NULL,85,NULL,8,'1',NULL,NULL,NULL),(785,NULL,NULL,NULL,'Meunier','Meunier',NULL,85,NULL,8,'1',NULL,NULL,NULL),(786,NULL,NULL,NULL,'J. Vertonghen','J. Vertonghen',NULL,85,NULL,8,'1',NULL,NULL,NULL),(787,NULL,NULL,NULL,'Lucas Martínez Quarta','Lucas Martínez Quarta',NULL,85,NULL,8,'1',NULL,NULL,NULL),(788,NULL,NULL,NULL,'Thiago Alcântara','Thiago Alcântara',NULL,85,NULL,8,'1',NULL,NULL,NULL),(789,NULL,NULL,NULL,'Julian Weigl','Julian Weigl',NULL,85,NULL,8,'1',NULL,NULL,NULL),(790,NULL,NULL,NULL,'Youri Tielemans','Youri Tielemans',NULL,85,NULL,8,'1',NULL,NULL,NULL),(791,NULL,NULL,NULL,'Marcos Llorente','Marcos Llorente',NULL,85,NULL,8,'1',NULL,NULL,NULL),(792,NULL,NULL,NULL,'Exequiel Palacios','Exequiel Palacios',NULL,85,NULL,8,'1',NULL,NULL,NULL),(793,NULL,NULL,NULL,'Coco Lamela','Coco Lamela',NULL,85,NULL,8,'1',NULL,NULL,NULL),(794,NULL,NULL,NULL,'Lucas Paquetá','Lucas Paquetá',NULL,85,NULL,8,'1',NULL,NULL,NULL),(795,NULL,NULL,NULL,'Bernardo Silva','Bernardo Silva',NULL,85,NULL,8,'1',NULL,NULL,NULL),(796,NULL,NULL,NULL,'J. Bowen','J. Bowen',NULL,85,NULL,8,'1',NULL,NULL,NULL),(797,NULL,NULL,NULL,'Roberto Firmino','Roberto Firmino',NULL,85,NULL,8,'1',NULL,NULL,NULL),(798,NULL,NULL,NULL,'Mohamed Salah','Mohamed Salah',NULL,85,NULL,8,'1',NULL,NULL,NULL),(799,NULL,NULL,NULL,'Rafael Santos Borré','Rafael Santos Borré',NULL,85,NULL,8,'1',NULL,NULL,NULL),(800,NULL,NULL,NULL,'Sadio Mane','Sadio Mane',NULL,85,NULL,8,'1',NULL,NULL,NULL),(801,NULL,NULL,NULL,'Coutinho','Coutinho',NULL,85,NULL,8,'1',NULL,NULL,NULL),(802,NULL,NULL,NULL,'Rhian Brewster','Rhian Brewster',NULL,85,NULL,8,'1',NULL,NULL,NULL),(803,NULL,NULL,NULL,'Alphonse Areola','Alphonse Areola',NULL,82,NULL,9,'1',NULL,NULL,NULL),(804,NULL,NULL,NULL,'Alessio Cragno','Alessio Cragno',NULL,81,NULL,9,'1',NULL,NULL,NULL),(805,NULL,NULL,NULL,'Youcef Atal','Youcef Atal',NULL,77,NULL,9,'1',NULL,NULL,NULL),(806,NULL,NULL,NULL,'Danny da Costa','Danny da Costa',NULL,79,NULL,9,'1',NULL,NULL,NULL),(807,NULL,NULL,NULL,'Joël Andre Job Matip','Joël Andre Job Matip',NULL,83,NULL,9,'1',NULL,NULL,NULL),(808,NULL,NULL,NULL,'Alessio Romagnoli','Alessio Romagnoli',NULL,83,NULL,9,'1',NULL,NULL,NULL),(809,NULL,NULL,NULL,'Léo Duarte','Léo Duarte',NULL,72,NULL,9,'1',NULL,NULL,NULL),(810,NULL,NULL,NULL,'Boubacar Kamara','Boubacar Kamara',NULL,75,NULL,9,'1',NULL,NULL,NULL),(811,NULL,NULL,NULL,'Nikola Milenković','Nikola Milenković',NULL,76,NULL,9,'1',NULL,NULL,NULL),(812,NULL,NULL,NULL,'Ben Chilwell','Ben Chilwell',NULL,79,NULL,9,'1',NULL,NULL,NULL),(813,NULL,NULL,NULL,'Franck Yannick Kessié','Franck Yannick Kessié',NULL,79,NULL,9,'1',NULL,NULL,NULL),(814,NULL,NULL,NULL,'Idrissa Doumbia','Idrissa Doumbia',NULL,75,NULL,9,'1',NULL,NULL,NULL),(815,NULL,NULL,NULL,'Sergej Milinković,Savić','Sergej Milinković,Savić',NULL,85,NULL,9,'1',NULL,NULL,NULL),(816,NULL,NULL,NULL,'Houssem Aouar','Houssem Aouar',NULL,81,NULL,9,'1',NULL,NULL,NULL),(817,NULL,NULL,NULL,'Rodolfo Pizarro','Rodolfo Pizarro',NULL,77,NULL,9,'1',NULL,NULL,NULL),(818,NULL,NULL,NULL,'Paulo Bruno Exequiel Dybala','Paulo Bruno Exequiel Dybala',NULL,88,NULL,9,'1',NULL,NULL,NULL),(819,NULL,NULL,NULL,'Ángel Correa','Ángel Correa',NULL,82,NULL,9,'1',NULL,NULL,NULL),(820,NULL,NULL,NULL,'David Neres Campos','David Neres Campos',NULL,81,NULL,9,'1',NULL,NULL,NULL),(821,NULL,NULL,NULL,'Moussa Djenepo','Moussa Djenepo',NULL,74,NULL,9,'1',NULL,NULL,NULL),(822,NULL,NULL,NULL,'Ante Rebić','Ante Rebić',NULL,80,NULL,9,'1',NULL,NULL,NULL),(823,NULL,NULL,NULL,'Krzysztof Piątek','Krzysztof Piątek',NULL,80,NULL,9,'1',NULL,NULL,NULL),(824,NULL,NULL,NULL,'Edinson Roberto Cavani Gómez','Edinson Roberto Cavani Gómez',NULL,87,NULL,9,'1',NULL,NULL,NULL),(825,NULL,NULL,NULL,'Diego Carlos Santos Silva','Diego Carlos Santos Silva',NULL,80,NULL,10,'1',NULL,NULL,NULL),(826,NULL,NULL,NULL,'Mário Figueira Fernandes','Mário Figueira Fernandes',NULL,80,NULL,10,'1',NULL,NULL,NULL),(827,NULL,NULL,NULL,'John Brooks','John Brooks',NULL,80,NULL,10,'1',NULL,NULL,NULL),(828,NULL,NULL,NULL,'Jonathan Castro Otto','Jonathan Castro Otto',NULL,80,NULL,10,'1',NULL,NULL,NULL),(829,NULL,NULL,NULL,'Ricardo Rodríguez','Ricardo Rodríguez',NULL,80,NULL,10,'1',NULL,NULL,NULL),(830,NULL,NULL,NULL,'Emerson Leite De Souza','Emerson Leite De Souza',NULL,80,NULL,10,'1',NULL,NULL,NULL),(831,NULL,NULL,NULL,'Filip Benković','Filip Benković',NULL,80,NULL,10,'1',NULL,NULL,NULL),(832,NULL,NULL,NULL,'Raúl Alonso Jiménez Rodríguez','Raúl Alonso Jiménez Rodríguez',NULL,80,NULL,10,'1',NULL,NULL,NULL),(833,NULL,NULL,NULL,'Stephan El Shaarawy','Stephan El Shaarawy',NULL,80,NULL,10,'1',NULL,NULL,NULL),(834,NULL,NULL,NULL,'Sebastian Giovinco','Sebastian Giovinco',NULL,80,NULL,10,'1',NULL,NULL,NULL),(835,NULL,NULL,NULL,'Cédric Bakambu','Cédric Bakambu',NULL,80,NULL,10,'1',NULL,NULL,NULL),(836,NULL,NULL,NULL,'Marlos Romero Bonfim','Marlos Romero Bonfim',NULL,80,NULL,10,'1',NULL,NULL,NULL),(837,NULL,NULL,NULL,'Kevin Volland','Kevin Volland',NULL,80,NULL,10,'1',NULL,NULL,NULL),(838,NULL,NULL,NULL,'Alfa Semedo Esteves','Alfa Semedo Esteves',NULL,80,NULL,10,'1',NULL,NULL,NULL),(839,NULL,NULL,NULL,'Héctor Miguel Herrera López','Héctor Miguel Herrera López',NULL,80,NULL,10,'1',NULL,NULL,NULL),(840,NULL,NULL,NULL,'Jean,Philippe Gbamin','Jean,Philippe Gbamin',NULL,80,NULL,10,'1',NULL,NULL,NULL),(841,NULL,NULL,NULL,'André Filipe Tavares Gomes','André Filipe Tavares Gomes',NULL,80,NULL,10,'1',NULL,NULL,NULL),(842,NULL,NULL,NULL,'João Pedro Neves Filipe ( Jota )','João Pedro Neves Filipe ( Jota )',NULL,80,NULL,10,'1',NULL,NULL,NULL),(843,NULL,NULL,NULL,'Viktor Tsygankov','Viktor Tsygankov',NULL,80,NULL,10,'1',NULL,NULL,NULL),(844,NULL,NULL,NULL,'Ricard Puig Martí','Ricard Puig Martí',NULL,80,NULL,10,'1',NULL,NULL,NULL),(845,NULL,NULL,NULL,'Nicolò Zaniolo','Nicolò Zaniolo',NULL,80,NULL,10,'1',NULL,NULL,NULL),(846,NULL,NULL,NULL,'Marco Verratti','Marco Verratti',NULL,80,NULL,10,'1',NULL,NULL,NULL),(847,NULL,NULL,NULL,'Antonio Adán Garrido','Antonio Adán Garrido',NULL,80,NULL,10,'1',NULL,NULL,NULL),(848,NULL,NULL,NULL,'Gerónimo Rulli','Gerónimo Rulli',NULL,80,NULL,10,'1',NULL,NULL,NULL),(849,NULL,NULL,NULL,'Dan,Axel Zagadou','Dan,Axel Zagadou',NULL,82,NULL,25,'1',NULL,NULL,NULL),(850,NULL,NULL,NULL,'NICO SCHULZ','NICO SCHULZ',NULL,82,NULL,25,'1',NULL,NULL,NULL),(851,NULL,NULL,NULL,'KYLE WALKER','KYLE WALKER',NULL,82,NULL,25,'1',NULL,NULL,NULL),(852,NULL,NULL,NULL,'LAUTARO MARTINEZ','LAUTARO MARTINEZ',NULL,82,NULL,25,'1',NULL,NULL,NULL),(853,NULL,NULL,NULL,'NICOLAS PEPE','NICOLAS PEPE',NULL,82,NULL,25,'1',NULL,NULL,NULL),(854,NULL,NULL,NULL,'TANGUY NDOMBELE','TANGUY NDOMBELE',NULL,82,NULL,25,'1',NULL,NULL,NULL),(855,NULL,NULL,NULL,'Florentino Morris Luis','Florentino Morris Luis',NULL,82,NULL,25,'1',NULL,NULL,NULL),(856,NULL,NULL,NULL,'THILO KEHRER','THILO KEHRER',NULL,82,NULL,25,'1',NULL,NULL,NULL),(857,NULL,NULL,NULL,'DENIS ZAKARIA','DENIS ZAKARIA',NULL,82,NULL,25,'1',NULL,NULL,NULL),(858,NULL,NULL,NULL,'KAI HAVERTZ','KAI HAVERTZ',NULL,82,NULL,25,'1',NULL,NULL,NULL),(859,NULL,NULL,NULL,'ALEX MERET','ALEX MERET',NULL,82,NULL,25,'1',NULL,NULL,NULL),(860,NULL,NULL,NULL,'Nicolo Barella','Nicolo Barella',NULL,82,NULL,25,'1',NULL,NULL,NULL),(861,NULL,NULL,NULL,'Jonathan Ikone','Jonathan Ikone',NULL,82,NULL,25,'1',NULL,NULL,NULL),(862,NULL,NULL,NULL,'DAYOT UPAMECANO','DAYOT UPAMECANO',NULL,82,NULL,25,'1',NULL,NULL,NULL),(863,NULL,NULL,NULL,'LUCAS TOUSART','LUCAS TOUSART',NULL,82,NULL,25,'1',NULL,NULL,NULL),(864,NULL,NULL,NULL,'Marquinhos','Marquinhos',NULL,82,NULL,25,'1',NULL,NULL,NULL),(865,NULL,NULL,NULL,'MATTEO POLITANO','MATTEO POLITANO',NULL,82,NULL,25,'1',NULL,NULL,NULL),(866,NULL,NULL,NULL,'EDERSON','EDERSON',NULL,82,NULL,25,'1',NULL,NULL,NULL),(867,NULL,NULL,NULL,'JADON SANCHO','JADON SANCHO',NULL,82,NULL,25,'1',NULL,NULL,NULL),(868,NULL,NULL,NULL,'RICHARLISON DE ANDRADE','RICHARLISON DE ANDRADE',NULL,82,NULL,25,'1',NULL,NULL,NULL),(869,NULL,NULL,NULL,'BENJAMIN HENRICHS','BENJAMIN HENRICHS',NULL,82,NULL,25,'1',NULL,NULL,NULL),(870,NULL,NULL,NULL,'FERLAND MENDY','FERLAND MENDY',NULL,82,NULL,25,'1',NULL,NULL,NULL),(871,NULL,NULL,NULL,'ISMAILA SARR','ISMAILA SARR',NULL,82,NULL,25,'1',NULL,NULL,NULL),(872,NULL,NULL,NULL,'GABRIEL JESUS','GABRIEL JESUS',NULL,82,NULL,25,'1',NULL,NULL,NULL),(873,NULL,NULL,NULL,'STEFANO SENSI','STEFANO SENSI',NULL,82,NULL,25,'1',NULL,NULL,NULL),(874,NULL,NULL,NULL,'Paul Bernardoni','Paul Bernardoni',NULL,81,NULL,11,'1',NULL,NULL,NULL),(875,NULL,NULL,NULL,'Anthony Lopes','Anthony Lopes',NULL,81,NULL,11,'1',NULL,NULL,NULL),(876,NULL,NULL,NULL,'Davide Zappacosta','Davide Zappacosta',NULL,81,NULL,11,'1',NULL,NULL,NULL),(877,NULL,NULL,NULL,'Álvaro Odriozola Arzalluz','Álvaro Odriozola Arzalluz',NULL,81,NULL,11,'1',NULL,NULL,NULL),(878,NULL,NULL,NULL,'Germán Alejandro Pezzella','Germán Alejandro Pezzella',NULL,81,NULL,11,'1',NULL,NULL,NULL),(879,NULL,NULL,NULL,'Panagiotis Retsos','Panagiotis Retsos',NULL,81,NULL,11,'1',NULL,NULL,NULL),(880,NULL,NULL,NULL,'Mario Hermoso Canseco','Mario Hermoso Canseco',NULL,81,NULL,11,'1',NULL,NULL,NULL),(881,NULL,NULL,NULL,'Daley Blind','Daley Blind',NULL,81,NULL,11,'1',NULL,NULL,NULL),(882,NULL,NULL,NULL,'Marcos Alonso','Marcos Alonso',NULL,81,NULL,11,'1',NULL,NULL,NULL),(883,NULL,NULL,NULL,'Oleksandr Zinchenko','Oleksandr Zinchenko',NULL,81,NULL,11,'1',NULL,NULL,NULL),(884,NULL,NULL,NULL,'Gabriel Appelt Pires','Gabriel Appelt Pires',NULL,81,NULL,11,'1',NULL,NULL,NULL),(885,NULL,NULL,NULL,'Tomáš Souček','Tomáš Souček',NULL,81,NULL,11,'1',NULL,NULL,NULL),(886,NULL,NULL,NULL,'Carles Aleñá Castillo','Carles Aleñá Castillo',NULL,81,NULL,11,'1',NULL,NULL,NULL),(887,NULL,NULL,NULL,'Pablo Fornals Malla','Pablo Fornals Malla',NULL,81,NULL,11,'1',NULL,NULL,NULL),(888,NULL,NULL,NULL,'James Ward,Prowse','James Ward,Prowse',NULL,81,NULL,11,'1',NULL,NULL,NULL),(889,NULL,NULL,NULL,'Georgionio Wijnaldum','Georgionio Wijnaldum',NULL,81,NULL,11,'1',NULL,NULL,NULL),(890,NULL,NULL,NULL,'Quaresma','Quaresma',NULL,81,NULL,11,'1',NULL,NULL,NULL),(891,NULL,NULL,NULL,'Ryad Boudebouz','Ryad Boudebouz',NULL,81,NULL,11,'1',NULL,NULL,NULL),(892,NULL,NULL,NULL,'Bruno Xadas','Bruno Xadas',NULL,81,NULL,11,'1',NULL,NULL,NULL),(893,NULL,NULL,NULL,'Jann,Fiete Arp','Jann,Fiete Arp',NULL,81,NULL,11,'1',NULL,NULL,NULL),(894,NULL,NULL,NULL,'Andrej Kramarić','Andrej Kramarić',NULL,81,NULL,11,'1',NULL,NULL,NULL),(895,NULL,NULL,NULL,'Mauro Icardi','Mauro Icardi',NULL,81,NULL,11,'1',NULL,NULL,NULL),(896,NULL,NULL,NULL,'Matheus Cunha','Matheus Cunha',NULL,81,NULL,11,'1',NULL,NULL,NULL),(897,NULL,NULL,NULL,'Iñaki Williams','Iñaki Williams',NULL,81,NULL,11,'1',NULL,NULL,NULL),(898,NULL,NULL,NULL,'David De Gea','David De Gea',NULL,89,NULL,26,'1',NULL,NULL,NULL),(899,NULL,NULL,NULL,'Dean Henderson','Dean Henderson',NULL,75,NULL,26,'1',NULL,NULL,NULL),(900,NULL,NULL,NULL,'Léo Dubois','Léo Dubois',NULL,79,NULL,26,'1',NULL,NULL,NULL),(901,NULL,NULL,NULL,'Niklas Süle','Niklas Süle',NULL,85,NULL,26,'1',NULL,NULL,NULL),(902,NULL,NULL,NULL,'Harry Maguire','Harry Maguire',NULL,82,NULL,26,'1',NULL,NULL,NULL),(903,NULL,NULL,NULL,'Luke Shaw','Luke Shaw',NULL,81,NULL,26,'1',NULL,NULL,NULL),(904,NULL,NULL,NULL,'Joachim Andersen','Joachim Andersen',NULL,78,NULL,26,'1',NULL,NULL,NULL),(905,NULL,NULL,NULL,'Francisco Reis Ferreira','Francisco Reis Ferreira',NULL,78,NULL,26,'1',NULL,NULL,NULL),(906,NULL,NULL,NULL,'Ozan Muhammed Kabak','Ozan Muhammed Kabak',NULL,74,NULL,26,'1',NULL,NULL,NULL),(907,NULL,NULL,NULL,'Ruben Neves','Ruben Neves',NULL,82,NULL,26,'1',NULL,NULL,NULL),(908,NULL,NULL,NULL,'Paul Pogba','Paul Pogba',NULL,88,NULL,26,'1',NULL,NULL,NULL),(909,NULL,NULL,NULL,'John McGinn','John McGinn',NULL,76,NULL,26,'1',NULL,NULL,NULL),(910,NULL,NULL,NULL,'Yari Verschaeren','Yari Verschaeren',NULL,72,NULL,26,'1',NULL,NULL,NULL),(911,NULL,NULL,NULL,'Marc Roca Junqué','Marc Roca Junqué',NULL,79,NULL,26,'1',NULL,NULL,NULL),(912,NULL,NULL,NULL,'Daniel James','Daniel James',NULL,72,NULL,26,'1',NULL,NULL,NULL),(913,NULL,NULL,NULL,'Andreas Pereira','Andreas Pereira',NULL,77,NULL,26,'1',NULL,NULL,NULL),(914,NULL,NULL,NULL,'Tahith Chong','Tahith Chong',NULL,66,NULL,26,'1',NULL,NULL,NULL),(915,NULL,NULL,NULL,'Scott McTominay','Scott McTominay',NULL,77,NULL,26,'1',NULL,NULL,NULL),(916,NULL,NULL,NULL,'Onyinye Wilfred Ndidi','Onyinye Wilfred Ndidi',NULL,81,NULL,26,'1',NULL,NULL,NULL),(917,NULL,NULL,NULL,'Julian Brandt','Julian Brandt',NULL,84,NULL,26,'1',NULL,NULL,NULL),(918,NULL,NULL,NULL,'Morata','Morata',NULL,83,NULL,26,'1',NULL,NULL,NULL),(919,NULL,NULL,NULL,'Marcus Rashford','Marcus Rashford',NULL,83,NULL,26,'1',NULL,NULL,NULL),(920,NULL,NULL,NULL,'Anthony Martial','Anthony Martial',NULL,83,NULL,26,'1',NULL,NULL,NULL),(921,NULL,NULL,NULL,'Mason Greenwood','Mason Greenwood',NULL,67,NULL,26,'1',NULL,NULL,NULL),(922,NULL,NULL,NULL,'José Juan Macías','José Juan Macías',NULL,70,NULL,26,'1',NULL,NULL,NULL),(923,NULL,NULL,NULL,'Timo Horn','Timo Horn',NULL,81,NULL,12,'1',NULL,NULL,NULL),(924,NULL,NULL,NULL,'Kostas Manolas','Kostas Manolas',NULL,85,NULL,12,'1',NULL,NULL,NULL),(925,NULL,NULL,NULL,'Mats Hummels','Mats Hummels',NULL,87,NULL,12,'1',NULL,NULL,NULL),(926,NULL,NULL,NULL,'Éder Gabriel Militão','Éder Gabriel Militão',NULL,81,NULL,12,'1',NULL,NULL,NULL),(927,NULL,NULL,NULL,'Lionel Andrés Messi Cuccittini','Lionel Andrés Messi Cuccittini',NULL,94,NULL,12,'1',NULL,NULL,NULL),(928,NULL,NULL,NULL,'Carlos Henrique Venancio Casimiro','Carlos Henrique Venancio Casimiro',NULL,87,NULL,12,'1',NULL,NULL,NULL),(929,NULL,NULL,NULL,'Blaise Matuidi','Blaise Matuidi',NULL,85,NULL,12,'1',NULL,NULL,NULL),(930,NULL,NULL,NULL,'David Olatukunbo Alaba','David Olatukunbo Alaba',NULL,85,NULL,12,'1',NULL,NULL,NULL),(931,NULL,NULL,NULL,'Kevin De Bruyne','Kevin De Bruyne',NULL,91,NULL,12,'1',NULL,NULL,NULL),(932,NULL,NULL,NULL,'Alexandre Lacazette','Alexandre Lacazette',NULL,86,NULL,12,'1',NULL,NULL,NULL),(933,NULL,NULL,NULL,'Thomas Müller','Thomas Müller',NULL,86,NULL,12,'1',NULL,NULL,NULL),(934,NULL,NULL,NULL,'Bernd Leno','Bernd Leno',NULL,84,NULL,12,'1',NULL,NULL,NULL),(935,NULL,NULL,NULL,'Moussa Wagué','Moussa Wagué',NULL,71,NULL,12,'1',NULL,NULL,NULL),(936,NULL,NULL,NULL,'Björn Engels','Björn Engels',NULL,76,NULL,12,'1',NULL,NULL,NULL),(937,NULL,NULL,NULL,'Jesús Corona','Jesús Corona',NULL,81,NULL,12,'1',NULL,NULL,NULL),(938,NULL,NULL,NULL,'Pablo Paulino Rosario','Pablo Paulino Rosario',NULL,77,NULL,12,'1',NULL,NULL,NULL),(939,NULL,NULL,NULL,'Geoffrey Kondogbia','Geoffrey Kondogbia',NULL,81,NULL,12,'1',NULL,NULL,NULL),(940,NULL,NULL,NULL,'S. Nakajima','S. Nakajima',NULL,79,NULL,12,'1',NULL,NULL,NULL),(941,NULL,NULL,NULL,'Moussa Marega','Moussa Marega',NULL,80,NULL,12,'1',NULL,NULL,NULL),(942,NULL,NULL,NULL,'Hirving Rodrigo Lozano Bahena','Hirving Rodrigo Lozano Bahena',NULL,82,NULL,12,'1',NULL,NULL,NULL),(943,NULL,NULL,NULL,'Serge Aurier','Serge Aurier',NULL,79,NULL,12,'1',NULL,NULL,NULL),(944,NULL,NULL,NULL,'Mitchell Weiser','Mitchell Weiser',NULL,77,NULL,12,'1',NULL,NULL,NULL),(945,NULL,NULL,NULL,'Nélson Cabral Semedo','Nélson Cabral Semedo',NULL,82,NULL,12,'1',NULL,NULL,NULL),(946,NULL,NULL,NULL,'Odsonne Edouard','Odsonne Edouard',NULL,74,NULL,12,'1',NULL,NULL,NULL),(947,NULL,NULL,NULL,'Ki,Jana Hoever','Ki,Jana Hoever',NULL,62,NULL,12,'1',NULL,NULL,NULL),(948,NULL,NULL,NULL,'Keylor Navas','Keylor Navas',NULL,80,NULL,13,'1',NULL,NULL,NULL),(949,NULL,NULL,NULL,'Pierluigi Gollini','Pierluigi Gollini',NULL,80,NULL,13,'1',NULL,NULL,NULL),(950,NULL,NULL,NULL,'Ruben Aguilar','Ruben Aguilar',NULL,80,NULL,13,'1',NULL,NULL,NULL),(951,NULL,NULL,NULL,'Sokratis Papastathopoulos','Sokratis Papastathopoulos',NULL,80,NULL,13,'1',NULL,NULL,NULL),(952,NULL,NULL,NULL,'Felipe Augusto de Almeida Monteiro','Felipe Augusto de Almeida Monteiro',NULL,80,NULL,13,'1',NULL,NULL,NULL),(953,NULL,NULL,NULL,'Kieran Trippier','Kieran Trippier',NULL,80,NULL,13,'1',NULL,NULL,NULL),(954,NULL,NULL,NULL,'Alex Telles','Alex Telles',NULL,80,NULL,13,'1',NULL,NULL,NULL),(955,NULL,NULL,NULL,'Gonzalo Montiel','Gonzalo Montiel',NULL,80,NULL,13,'1',NULL,NULL,NULL),(956,NULL,NULL,NULL,'Giorgio Chiellini','Giorgio Chiellini',NULL,80,NULL,13,'1',NULL,NULL,NULL),(957,NULL,NULL,NULL,'Alberto Moreno Pérez','Alberto Moreno Pérez',NULL,80,NULL,13,'1',NULL,NULL,NULL),(958,NULL,NULL,NULL,'Marek Hamšík','Marek Hamšík',NULL,80,NULL,13,'1',NULL,NULL,NULL),(959,NULL,NULL,NULL,'Idrissa Gana Gueye','Idrissa Gana Gueye',NULL,80,NULL,13,'1',NULL,NULL,NULL),(960,NULL,NULL,NULL,'João Filipe Moutinho','João Filipe Moutinho',NULL,80,NULL,13,'1',NULL,NULL,NULL),(961,NULL,NULL,NULL,'Mohamed Ihattaren','Mohamed Ihattaren',NULL,80,NULL,13,'1',NULL,NULL,NULL),(962,NULL,NULL,NULL,'Takefusa Kubo','Takefusa Kubo',NULL,80,NULL,13,'1',NULL,NULL,NULL),(963,NULL,NULL,NULL,'Ivan Rakitić','Ivan Rakitić',NULL,80,NULL,13,'1',NULL,NULL,NULL),(964,NULL,NULL,NULL,'Christian Pulisic','Christian Pulisic',NULL,80,NULL,13,'1',NULL,NULL,NULL),(965,NULL,NULL,NULL,'Ilkay Gündogan','Ilkay Gündogan',NULL,80,NULL,13,'1',NULL,NULL,NULL),(966,NULL,NULL,NULL,'Naby Keïta','Naby Keïta',NULL,80,NULL,13,'1',NULL,NULL,NULL),(967,NULL,NULL,NULL,'José María Callejón Bueno','José María Callejón Bueno',NULL,80,NULL,13,'1',NULL,NULL,NULL),(968,NULL,NULL,NULL,'Karim Benzema','Karim Benzema',NULL,80,NULL,13,'1',NULL,NULL,NULL),(969,NULL,NULL,NULL,'Milot Rashica','Milot Rashica',NULL,80,NULL,13,'1',NULL,NULL,NULL),(970,NULL,NULL,NULL,'Emmanuel Dennis','Emmanuel Dennis',NULL,80,NULL,13,'1',NULL,NULL,NULL),(971,NULL,NULL,NULL,'Lucas Vázquez Iglesias','Lucas Vázquez Iglesias',NULL,80,NULL,13,'1',NULL,NULL,NULL),(972,NULL,NULL,NULL,'Steven Bergwijn','Steven Bergwijn',NULL,80,NULL,13,'1',NULL,NULL,NULL),(973,NULL,NULL,NULL,'Kasper Schmeichel','Kasper Schmeichel',NULL,81,NULL,27,'1',NULL,NULL,NULL),(974,NULL,NULL,NULL,'Jordan Pickford','Jordan Pickford',NULL,81,NULL,27,'1',NULL,NULL,NULL),(975,NULL,NULL,NULL,'Elseid Hysaj','Elseid Hysaj',NULL,81,NULL,27,'1',NULL,NULL,NULL),(976,NULL,NULL,NULL,'Aarón Martín','Aarón Martín',NULL,81,NULL,27,'1',NULL,NULL,NULL),(977,NULL,NULL,NULL,'Vicent Kompany','Vicent Kompany',NULL,81,NULL,27,'1',NULL,NULL,NULL),(978,NULL,NULL,NULL,'Fikayo Tomori','Fikayo Tomori',NULL,81,NULL,27,'1',NULL,NULL,NULL),(979,NULL,NULL,NULL,'Ruben Dias','Ruben Dias',NULL,81,NULL,27,'1',NULL,NULL,NULL),(980,NULL,NULL,NULL,'Diego Godín','Diego Godín',NULL,81,NULL,27,'1',NULL,NULL,NULL),(981,NULL,NULL,NULL,'Emerson Palmieri dos Santos','Emerson Palmieri dos Santos',NULL,81,NULL,27,'1',NULL,NULL,NULL),(982,NULL,NULL,NULL,'Davinson Sanchez','Davinson Sanchez',NULL,81,NULL,27,'1',NULL,NULL,NULL),(983,NULL,NULL,NULL,'Nordi Mukiele','Nordi Mukiele',NULL,81,NULL,27,'1',NULL,NULL,NULL),(984,NULL,NULL,NULL,'Cristian Romero','Cristian Romero',NULL,81,NULL,27,'1',NULL,NULL,NULL),(985,NULL,NULL,NULL,'Piotr Zieliński','Piotr Zieliński',NULL,81,NULL,27,'1',NULL,NULL,NULL),(986,NULL,NULL,NULL,'Sandro Tonali','Sandro Tonali',NULL,81,NULL,27,'1',NULL,NULL,NULL),(987,NULL,NULL,NULL,'Ryan Sessegnon','Ryan Sessegnon',NULL,81,NULL,27,'1',NULL,NULL,NULL),(988,NULL,NULL,NULL,'Mikel Oyarzabal','Mikel Oyarzabal',NULL,81,NULL,27,'1',NULL,NULL,NULL),(989,NULL,NULL,NULL,'Daniel Olmo','Daniel Olmo',NULL,81,NULL,27,'1',NULL,NULL,NULL),(990,NULL,NULL,NULL,'Gelson Martins','Gelson Martins',NULL,81,NULL,27,'1',NULL,NULL,NULL),(991,NULL,NULL,NULL,'Sergio Busquets Burgos','Sergio Busquets Burgos',NULL,81,NULL,27,'1',NULL,NULL,NULL),(992,NULL,NULL,NULL,'Rony Lopes','Rony Lopes',NULL,81,NULL,27,'1',NULL,NULL,NULL),(993,NULL,NULL,NULL,'Francisco Román Alarcón (Isco)','Francisco Román Alarcón (Isco)',NULL,81,NULL,27,'1',NULL,NULL,NULL),(994,NULL,NULL,NULL,'Giovani Lo Celso','Giovani Lo Celso',NULL,81,NULL,27,'1',NULL,NULL,NULL),(995,NULL,NULL,NULL,'Romelu Lukaku','Romelu Lukaku',NULL,81,NULL,27,'1',NULL,NULL,NULL),(996,NULL,NULL,NULL,'Ciro Immobile','Ciro Immobile',NULL,81,NULL,27,'1',NULL,NULL,NULL),(997,NULL,NULL,NULL,'Christian Kouamé','Christian Kouamé',NULL,81,NULL,27,'1',NULL,NULL,NULL),(998,NULL,NULL,NULL,'Samir Handanovic','Samir Handanovic',NULL,84,NULL,28,'1',NULL,NULL,NULL),(999,NULL,NULL,NULL,'Rui Patricio','Rui Patricio',NULL,84,NULL,28,'1',NULL,NULL,NULL),(1000,NULL,NULL,NULL,'Ionuţ Andrei Radu','Ionuţ Andrei Radu',NULL,84,NULL,28,'1',NULL,NULL,NULL),(1001,NULL,NULL,NULL,'Joakim Mæhle','Joakim Mæhle',NULL,84,NULL,28,'1',NULL,NULL,NULL),(1002,NULL,NULL,NULL,'Kyle Walker,Peters','Kyle Walker,Peters',NULL,84,NULL,28,'1',NULL,NULL,NULL),(1003,NULL,NULL,NULL,'Jérôme Boateng','Jérôme Boateng',NULL,84,NULL,28,'1',NULL,NULL,NULL),(1004,NULL,NULL,NULL,'Georgiy Dzhikiya','Georgiy Dzhikiya',NULL,84,NULL,28,'1',NULL,NULL,NULL),(1005,NULL,NULL,NULL,'Caglar Soyuncu','Caglar Soyuncu',NULL,84,NULL,28,'1',NULL,NULL,NULL),(1006,NULL,NULL,NULL,'Jhon Lucumi','Jhon Lucumi',NULL,84,NULL,28,'1',NULL,NULL,NULL),(1007,NULL,NULL,NULL,'Malang Sarr','Malang Sarr',NULL,84,NULL,28,'1',NULL,NULL,NULL),(1008,NULL,NULL,NULL,'Jonathan Castro Otto','Jonathan Castro Otto',NULL,84,NULL,28,'1',NULL,NULL,NULL),(1009,NULL,NULL,NULL,'Lucas Leiva','Lucas Leiva',NULL,84,NULL,28,'1',NULL,NULL,NULL),(1010,NULL,NULL,NULL,'Wylan Cyprien','Wylan Cyprien',NULL,84,NULL,28,'1',NULL,NULL,NULL),(1011,NULL,NULL,NULL,'Jefferson Andrés Lerma Solís','Jefferson Andrés Lerma Solís',NULL,84,NULL,28,'1',NULL,NULL,NULL),(1012,NULL,NULL,NULL,'Daniel Wass','Daniel Wass',NULL,84,NULL,28,'1',NULL,NULL,NULL),(1013,NULL,NULL,NULL,'Raphael Guerreiro','Raphael Guerreiro',NULL,84,NULL,28,'1',NULL,NULL,NULL),(1014,NULL,NULL,NULL,'Kerem Demirbay','Kerem Demirbay',NULL,84,NULL,28,'1',NULL,NULL,NULL),(1015,NULL,NULL,NULL,'Emil Forsberg','Emil Forsberg',NULL,84,NULL,28,'1',NULL,NULL,NULL),(1016,NULL,NULL,NULL,'James David Rodríguez Rubio','James David Rodríguez Rubio',NULL,84,NULL,28,'1',NULL,NULL,NULL),(1017,NULL,NULL,NULL,'Temmu Pukki','Temmu Pukki',NULL,84,NULL,28,'1',NULL,NULL,NULL),(1018,NULL,NULL,NULL,'Krépin Diatta','Krépin Diatta',NULL,84,NULL,28,'1',NULL,NULL,NULL),(1019,NULL,NULL,NULL,'Alexis Claude Maurice','Alexis Claude Maurice',NULL,84,NULL,28,'1',NULL,NULL,NULL),(1020,NULL,NULL,NULL,'Kasper Dolberg','Kasper Dolberg',NULL,84,NULL,28,'1',NULL,NULL,NULL),(1021,NULL,NULL,NULL,'Willian José da Silva','Willian José da Silva',NULL,84,NULL,28,'1',NULL,NULL,NULL),(1022,NULL,NULL,NULL,'Borja Iglesias Quintas','Borja Iglesias Quintas',NULL,84,NULL,28,'1',NULL,NULL,NULL),(1023,NULL,NULL,NULL,'Wojciech Szczesny','Wojciech Szczesny',NULL,83,NULL,14,'1',NULL,NULL,NULL),(1024,NULL,NULL,NULL,'Gianluiggi Buffon','Gianluiggi Buffon',NULL,83,NULL,14,'1',NULL,NULL,NULL),(1025,NULL,NULL,NULL,'Djené Dakonam Ortega','Djené Dakonam Ortega',NULL,83,NULL,14,'1',NULL,NULL,NULL),(1026,NULL,NULL,NULL,'James Tarkowski','James Tarkowski',NULL,83,NULL,14,'1',NULL,NULL,NULL),(1027,NULL,NULL,NULL,'Alex Sandro','Alex Sandro',NULL,83,NULL,14,'1',NULL,NULL,NULL),(1028,NULL,NULL,NULL,'Leonardo Bonucci','Leonardo Bonucci',NULL,83,NULL,14,'1',NULL,NULL,NULL),(1029,NULL,NULL,NULL,'Sergi Roberto','Sergi Roberto',NULL,83,NULL,14,'1',NULL,NULL,NULL),(1030,NULL,NULL,NULL,'Alessandro Florenzi','Alessandro Florenzi',NULL,83,NULL,14,'1',NULL,NULL,NULL),(1031,NULL,NULL,NULL,'Kalidou Koulibaly','Kalidou Koulibaly',NULL,83,NULL,14,'1',NULL,NULL,NULL),(1032,NULL,NULL,NULL,'Sead Kolasinac','Sead Kolasinac',NULL,83,NULL,14,'1',NULL,NULL,NULL),(1033,NULL,NULL,NULL,'Luiz Frello Filho Jorge','Luiz Frello Filho Jorge',NULL,83,NULL,14,'1',NULL,NULL,NULL),(1034,NULL,NULL,NULL,'Carlos Soler Barragán','Carlos Soler Barragán',NULL,83,NULL,14,'1',NULL,NULL,NULL),(1035,NULL,NULL,NULL,'Aaron Ramsey','Aaron Ramsey',NULL,83,NULL,14,'1',NULL,NULL,NULL),(1036,NULL,NULL,NULL,'Juan Guillermo Cuadrado','Juan Guillermo Cuadrado',NULL,83,NULL,14,'1',NULL,NULL,NULL),(1037,NULL,NULL,NULL,'Renato Júnior Luz Sanches','Renato Júnior Luz Sanches',NULL,83,NULL,14,'1',NULL,NULL,NULL),(1038,NULL,NULL,NULL,'Daniele Castelo Podence','Daniele Castelo Podence',NULL,83,NULL,14,'1',NULL,NULL,NULL),(1039,NULL,NULL,NULL,'Emre Can','Emre Can',NULL,83,NULL,14,'1',NULL,NULL,NULL),(1040,NULL,NULL,NULL,'Rodrigo Bentancur','Rodrigo Bentancur',NULL,83,NULL,14,'1',NULL,NULL,NULL),(1041,NULL,NULL,NULL,'Federico Bernardeschi','Federico Bernardeschi',NULL,83,NULL,14,'1',NULL,NULL,NULL),(1042,NULL,NULL,NULL,'Kevin Kampl','Kevin Kampl',NULL,83,NULL,14,'1',NULL,NULL,NULL),(1043,NULL,NULL,NULL,'Roman Zobnin','Roman Zobnin',NULL,83,NULL,14,'1',NULL,NULL,NULL),(1044,NULL,NULL,NULL,'Frank Acheampong','Frank Acheampong',NULL,83,NULL,14,'1',NULL,NULL,NULL),(1045,NULL,NULL,NULL,'Robert Lewandowski','Robert Lewandowski',NULL,83,NULL,14,'1',NULL,NULL,NULL),(1046,NULL,NULL,NULL,'Wesley Moraes Ferreira da Silva','Wesley Moraes Ferreira da Silva',NULL,83,NULL,14,'1',NULL,NULL,NULL),(1047,NULL,NULL,NULL,'Domenico Berardi','Domenico Berardi',NULL,83,NULL,14,'1',NULL,NULL,NULL),(1048,NULL,NULL,NULL,'Odisseas Vlachodimos','Odisseas Vlachodimos',NULL,80,NULL,15,'1',NULL,NULL,NULL),(1049,NULL,NULL,NULL,'Jan Oblak','Jan Oblak',NULL,91,NULL,15,'1',NULL,NULL,NULL),(1050,NULL,NULL,NULL,'Daniel Carvajal Ramos','Daniel Carvajal Ramos',NULL,85,NULL,15,'1',NULL,NULL,NULL),(1051,NULL,NULL,NULL,'Clément Lenglet','Clément Lenglet',NULL,85,NULL,15,'1',NULL,NULL,NULL),(1052,NULL,NULL,NULL,'Jordi Alba Ramos','Jordi Alba Ramos',NULL,87,NULL,15,'1',NULL,NULL,NULL),(1053,NULL,NULL,NULL,'Reece James','Reece James',NULL,73,NULL,15,'1',NULL,NULL,NULL),(1054,NULL,NULL,NULL,'Héctor Junior Firpo Adamés','Héctor Junior Firpo Adamés',NULL,79,NULL,15,'1',NULL,NULL,NULL),(1055,NULL,NULL,NULL,'Yeray Álvarez López','Yeray Álvarez López',NULL,80,NULL,15,'1',NULL,NULL,NULL),(1056,NULL,NULL,NULL,'Declan Rice','Declan Rice',NULL,78,NULL,15,'1',NULL,NULL,NULL),(1057,NULL,NULL,NULL,'Frenkie de Jong','Frenkie de Jong',NULL,86,NULL,15,'1',NULL,NULL,NULL),(1058,NULL,NULL,NULL,'Arthur Henrique Ramos Oliveira Melo','Arthur Henrique Ramos Oliveira Melo',NULL,85,NULL,15,'1',NULL,NULL,NULL),(1059,NULL,NULL,NULL,'Alphonso Davies','Alphonso Davies',NULL,74,NULL,15,'1',NULL,NULL,NULL),(1060,NULL,NULL,NULL,'Leon Goretzka','Leon Goretzka',NULL,84,NULL,15,'1',NULL,NULL,NULL),(1061,NULL,NULL,NULL,'Thiago Almada','Thiago Almada',NULL,72,NULL,15,'1',NULL,NULL,NULL),(1062,NULL,NULL,NULL,'Thorgan Hazard','Thorgan Hazard',NULL,82,NULL,15,'1',NULL,NULL,NULL),(1063,NULL,NULL,NULL,'Takumi Minamino','Takumi Minamino',NULL,75,NULL,15,'1',NULL,NULL,NULL),(1064,NULL,NULL,NULL,'Adam Hložek','Adam Hložek',NULL,70,NULL,15,'1',NULL,NULL,NULL),(1065,NULL,NULL,NULL,'Jérémy Doku','Jérémy Doku',NULL,66,NULL,15,'1',NULL,NULL,NULL),(1066,NULL,NULL,NULL,'Cristian David Pavón','Cristian David Pavón',NULL,79,NULL,15,'1',NULL,NULL,NULL),(1067,NULL,NULL,NULL,'Jean,Philippe Mateta','Jean,Philippe Mateta',NULL,78,NULL,15,'1',NULL,NULL,NULL),(1068,NULL,NULL,NULL,'Dries Mertens','Dries Mertens',NULL,87,NULL,15,'1',NULL,NULL,NULL),(1069,NULL,NULL,NULL,'Leroy Sané','Leroy Sané',NULL,86,NULL,15,'1',NULL,NULL,NULL),(1070,NULL,NULL,NULL,'Harry Kane','Harry Kane',NULL,89,NULL,15,'1',NULL,NULL,NULL),(1071,NULL,NULL,NULL,'Kylian Mbappé','Kylian Mbappé',NULL,89,NULL,15,'1',NULL,NULL,NULL),(1072,NULL,NULL,NULL,'Raphaël Varane','Raphaël Varane',NULL,85,NULL,15,'1',NULL,NULL,NULL),(1073,NULL,NULL,NULL,'Soria','Soria',NULL,82,NULL,29,'1',NULL,NULL,NULL),(1074,NULL,NULL,NULL,'Marchesin','Marchesin',NULL,78,NULL,29,'1',NULL,NULL,NULL),(1075,NULL,NULL,NULL,'N. Otamendi','N. Otamendi',NULL,83,NULL,29,'1',NULL,NULL,NULL),(1076,NULL,NULL,NULL,'Miranda','Miranda',NULL,83,NULL,29,'1',NULL,NULL,NULL),(1077,NULL,NULL,NULL,'D. Rose','D. Rose',NULL,80,NULL,29,'1',NULL,NULL,NULL),(1078,NULL,NULL,NULL,'Mario Gaspar','Mario Gaspar',NULL,79,NULL,29,'1',NULL,NULL,NULL),(1079,NULL,NULL,NULL,'Vallejo','Vallejo',NULL,77,NULL,29,'1',NULL,NULL,NULL),(1080,NULL,NULL,NULL,'K. Vogt','K. Vogt',NULL,80,NULL,29,'1',NULL,NULL,NULL),(1081,NULL,NULL,NULL,'L. Martínez','L. Martínez',NULL,77,NULL,29,'1',NULL,NULL,NULL),(1082,NULL,NULL,NULL,'L. Torreira','L. Torreira',NULL,82,NULL,29,'1',NULL,NULL,NULL),(1083,NULL,NULL,NULL,'Fabinho','Fabinho',NULL,85,NULL,29,'1',NULL,NULL,NULL),(1084,NULL,NULL,NULL,'T. Lemar','T. Lemar',NULL,83,NULL,29,'1',NULL,NULL,NULL),(1085,NULL,NULL,NULL,'Oscar','Oscar',NULL,83,NULL,29,'1',NULL,NULL,NULL),(1086,NULL,NULL,NULL,'E. Gutiérrez','E. Gutiérrez',NULL,75,NULL,29,'1',NULL,NULL,NULL),(1087,NULL,NULL,NULL,'W. McKennie','W. McKennie',NULL,76,NULL,29,'1',NULL,NULL,NULL),(1088,NULL,NULL,NULL,'D. Lainez','D. Lainez',NULL,72,NULL,29,'1',NULL,NULL,NULL),(1089,NULL,NULL,NULL,'M. Cuisance','M. Cuisance',NULL,72,NULL,29,'1',NULL,NULL,NULL),(1090,NULL,NULL,NULL,'J. Larsen','J. Larsen',NULL,75,NULL,29,'1',NULL,NULL,NULL),(1091,NULL,NULL,NULL,'J. Dilrosun','J. Dilrosun',NULL,72,NULL,29,'1',NULL,NULL,NULL),(1092,NULL,NULL,NULL,'J. Willock','J. Willock',NULL,67,NULL,29,'1',NULL,NULL,NULL),(1093,NULL,NULL,NULL,'L. Insigne','L. Insigne',NULL,87,NULL,29,'1',NULL,NULL,NULL),(1094,NULL,NULL,NULL,'C. Vela','C. Vela',NULL,83,NULL,29,'1',NULL,NULL,NULL),(1095,NULL,NULL,NULL,'A. Traore','A. Traore',NULL,74,NULL,29,'1',NULL,NULL,NULL),(1096,NULL,NULL,NULL,'Dembele','Dembele',NULL,84,NULL,29,'1',NULL,NULL,NULL),(1097,NULL,NULL,NULL,'B. Saka','B. Saka',NULL,65,NULL,29,'1',NULL,NULL,NULL),(1098,NULL,NULL,NULL,'Mattia Perin','Mattia Perin',NULL,84,NULL,16,'1',NULL,NULL,NULL),(1099,NULL,NULL,NULL,'Alessandro Plizzari','Alessandro Plizzari',NULL,84,NULL,16,'1',NULL,NULL,NULL),(1100,NULL,NULL,NULL,'Prensel Kimpembe','Prensel Kimpembe',NULL,84,NULL,16,'1',NULL,NULL,NULL),(1101,NULL,NULL,NULL,'K. Tete','K. Tete',NULL,84,NULL,16,'1',NULL,NULL,NULL),(1102,NULL,NULL,NULL,'John Stones','John Stones',NULL,84,NULL,16,'1',NULL,NULL,NULL),(1103,NULL,NULL,NULL,'Evan N\'Dicka','Evan N\'Dicka',NULL,84,NULL,16,'1',NULL,NULL,NULL),(1104,NULL,NULL,NULL,'Marcel Halstenberg','Marcel Halstenberg',NULL,84,NULL,16,'1',NULL,NULL,NULL),(1105,NULL,NULL,NULL,'Tyrell Malacia','Tyrell Malacia',NULL,84,NULL,16,'1',NULL,NULL,NULL),(1106,NULL,NULL,NULL,'Gareth Bale','Gareth Bale',NULL,84,NULL,16,'1',NULL,NULL,NULL),(1107,NULL,NULL,NULL,'Donny van de Beek','Donny van de Beek',NULL,84,NULL,16,'1',NULL,NULL,NULL),(1108,NULL,NULL,NULL,'Miralem Pjanic','Miralem Pjanic',NULL,84,NULL,16,'1',NULL,NULL,NULL),(1109,NULL,NULL,NULL,'Fabián Peña','Fabián Peña',NULL,84,NULL,16,'1',NULL,NULL,NULL),(1110,NULL,NULL,NULL,'Mason Mount','Mason Mount',NULL,84,NULL,16,'1',NULL,NULL,NULL),(1111,NULL,NULL,NULL,'Luca Waldschmidt','Luca Waldschmidt',NULL,84,NULL,16,'1',NULL,NULL,NULL),(1112,NULL,NULL,NULL,'Federico Valverde','Federico Valverde',NULL,84,NULL,16,'1',NULL,NULL,NULL),(1113,NULL,NULL,NULL,'Dimitri Payet','Dimitri Payet',NULL,84,NULL,16,'1',NULL,NULL,NULL),(1114,NULL,NULL,NULL,'Cengiz Ünder','Cengiz Ünder',NULL,84,NULL,16,'1',NULL,NULL,NULL),(1115,NULL,NULL,NULL,'Ianis Hagi','Ianis Hagi',NULL,84,NULL,16,'1',NULL,NULL,NULL),(1116,NULL,NULL,NULL,'Gedson Carvalho','Gedson Carvalho',NULL,84,NULL,16,'1',NULL,NULL,NULL),(1117,NULL,NULL,NULL,'Cristiano Ronaldo','Cristiano Ronaldo',NULL,84,NULL,16,'1',NULL,NULL,NULL),(1118,NULL,NULL,NULL,'B. Embolo','B. Embolo',NULL,84,NULL,16,'1',NULL,NULL,NULL),(1119,NULL,NULL,NULL,'Gabriel Martinelli','Gabriel Martinelli',NULL,84,NULL,16,'1',NULL,NULL,NULL),(1120,NULL,NULL,NULL,'Moise Kean','Moise Kean',NULL,84,NULL,16,'1',NULL,NULL,NULL),(1121,NULL,NULL,NULL,'Alassane Plea','Alassane Plea',NULL,84,NULL,16,'1',NULL,NULL,NULL),(1122,NULL,NULL,NULL,'Hudson Odoi','Hudson Odoi',NULL,84,NULL,16,'1',NULL,NULL,NULL),(1123,NULL,NULL,NULL,'T. Courtois','T. Courtois',NULL,90,NULL,17,'1',NULL,NULL,NULL),(1124,NULL,NULL,NULL,'D. Yedlin','D. Yedlin',NULL,90,NULL,17,'1',NULL,NULL,NULL),(1125,NULL,NULL,NULL,'Neymar Jr.','Neymar Jr.',NULL,90,NULL,17,'1',NULL,NULL,NULL),(1126,NULL,NULL,NULL,'Marcelo','Marcelo',NULL,90,NULL,17,'1',NULL,NULL,NULL),(1127,NULL,NULL,NULL,'R. Pereira','R. Pereira',NULL,90,NULL,17,'1',NULL,NULL,NULL),(1128,NULL,NULL,NULL,'Keita Balde','Keita Balde',NULL,90,NULL,17,'1',NULL,NULL,NULL),(1129,NULL,NULL,NULL,'Van Dijk','Van Dijk',NULL,90,NULL,17,'1',NULL,NULL,NULL),(1130,NULL,NULL,NULL,'A. Oxlade,Chamberlain','A. Oxlade,Chamberlain',NULL,90,NULL,17,'1',NULL,NULL,NULL),(1131,NULL,NULL,NULL,'A. Griezmann','A. Griezmann',NULL,90,NULL,17,'1',NULL,NULL,NULL),(1132,NULL,NULL,NULL,'W. Fariñez','W. Fariñez',NULL,90,NULL,17,'1',NULL,NULL,NULL),(1133,NULL,NULL,NULL,'J. Draxler','J. Draxler',NULL,90,NULL,17,'1',NULL,NULL,NULL),(1134,NULL,NULL,NULL,'J. Lukaku','J. Lukaku',NULL,90,NULL,17,'1',NULL,NULL,NULL),(1135,NULL,NULL,NULL,'N. Kanté','N. Kanté',NULL,90,NULL,17,'1',NULL,NULL,NULL),(1136,NULL,NULL,NULL,'T. Partey','T. Partey',NULL,90,NULL,17,'1',NULL,NULL,NULL),(1137,NULL,NULL,NULL,'Otávio','Otávio',NULL,90,NULL,17,'1',NULL,NULL,NULL),(1138,NULL,NULL,NULL,'James Maddison','James Maddison',NULL,90,NULL,17,'1',NULL,NULL,NULL),(1139,NULL,NULL,NULL,'Muriel','Muriel',NULL,90,NULL,17,'1',NULL,NULL,NULL),(1140,NULL,NULL,NULL,'D. Brooks','D. Brooks',NULL,90,NULL,17,'1',NULL,NULL,NULL),(1141,NULL,NULL,NULL,'Bakayoko','Bakayoko',NULL,90,NULL,17,'1',NULL,NULL,NULL),(1142,NULL,NULL,NULL,'P. Aubameyang','P. Aubameyang',NULL,90,NULL,17,'1',NULL,NULL,NULL),(1143,NULL,NULL,NULL,'B. Traoré','B. Traoré',NULL,90,NULL,17,'1',NULL,NULL,NULL),(1144,NULL,NULL,NULL,'T. Alderweireld','T. Alderweireld',NULL,90,NULL,17,'1',NULL,NULL,NULL),(1145,NULL,NULL,NULL,'Paulinho (José Paulo Bezzera Maciel Júnior)','Paulinho (José Paulo Bezzera Maciel Júnior)',NULL,90,NULL,17,'1',NULL,NULL,NULL),(1146,NULL,NULL,NULL,'Raphinha','Raphinha',NULL,90,NULL,17,'1',NULL,NULL,NULL),(1147,NULL,NULL,NULL,'Zack Steffen','Zack Steffen',NULL,76,NULL,30,'1',NULL,NULL,NULL),(1148,NULL,NULL,NULL,'Roman Bürki','Roman Bürki',NULL,85,NULL,30,'1',NULL,NULL,NULL),(1149,NULL,NULL,NULL,'Johan Andrés Mojica Palacio','Johan Andrés Mojica Palacio',NULL,78,NULL,30,'1',NULL,NULL,NULL),(1150,NULL,NULL,NULL,'Santiago Arias','Santiago Arias',NULL,79,NULL,30,'1',NULL,NULL,NULL),(1151,NULL,NULL,NULL,'Rafael','Rafael',NULL,79,NULL,30,'1',NULL,NULL,NULL),(1152,NULL,NULL,NULL,'Stefan Savić','Stefan Savić',NULL,83,NULL,30,'1',NULL,NULL,NULL),(1153,NULL,NULL,NULL,'Karim Rekik','Karim Rekik',NULL,79,NULL,30,'1',NULL,NULL,NULL),(1154,NULL,NULL,NULL,'Jeison Fabián Murillo Cerón','Jeison Fabián Murillo Cerón',NULL,80,NULL,30,'1',NULL,NULL,NULL),(1155,NULL,NULL,NULL,'Leander Dendoncker','Leander Dendoncker',NULL,79,NULL,30,'1',NULL,NULL,NULL),(1156,NULL,NULL,NULL,'Edson Alvarez','Edson Alvarez',NULL,75,NULL,30,'1',NULL,NULL,NULL),(1157,NULL,NULL,NULL,'Daniele De Rossi','Daniele De Rossi',NULL,83,NULL,30,'1',NULL,NULL,NULL),(1158,NULL,NULL,NULL,'Santiago Lionel Ascacíbar','Santiago Lionel Ascacíbar',NULL,77,NULL,30,'1',NULL,NULL,NULL),(1159,NULL,NULL,NULL,'Anderson Souza Conceição','Anderson Souza Conceição',NULL,83,NULL,30,'1',NULL,NULL,NULL),(1160,NULL,NULL,NULL,'Samuel Chukwueze','Samuel Chukwueze',NULL,74,NULL,30,'1',NULL,NULL,NULL),(1161,NULL,NULL,NULL,'Karim Bellarabi','Karim Bellarabi',NULL,82,NULL,30,'1',NULL,NULL,NULL),(1162,NULL,NULL,NULL,'Henrikh Mkhitaryan','Henrikh Mkhitaryan',NULL,82,NULL,30,'1',NULL,NULL,NULL),(1163,NULL,NULL,NULL,'Adam Ounas','Adam Ounas',NULL,75,NULL,30,'1',NULL,NULL,NULL),(1164,NULL,NULL,NULL,'Alex Teixeira','Alex Teixeira',NULL,79,NULL,30,'1',NULL,NULL,NULL),(1165,NULL,NULL,NULL,'Kévin Gameiro','Kévin Gameiro',NULL,80,NULL,30,'1',NULL,NULL,NULL),(1166,NULL,NULL,NULL,'Morgan Gibbs,White','Morgan Gibbs,White',NULL,70,NULL,30,'1',NULL,NULL,NULL),(1167,NULL,NULL,NULL,'Jeff Reine,Adélaïde','Jeff Reine,Adélaïde',NULL,74,NULL,30,'1',NULL,NULL,NULL),(1168,NULL,NULL,NULL,'Josef Alexander Martínez','Josef Alexander Martínez',NULL,81,NULL,30,'1',NULL,NULL,NULL),(1169,NULL,NULL,NULL,'Fernando Calero Villa','Fernando Calero Villa',NULL,78,NULL,30,'1',NULL,NULL,NULL),(1170,NULL,NULL,NULL,'Fyodor Smolov','Fyodor Smolov',NULL,80,NULL,30,'1',NULL,NULL,NULL),(1171,NULL,NULL,NULL,'Ryan Kent','Ryan Kent',NULL,73,NULL,30,'1',NULL,NULL,NULL),(1172,NULL,NULL,NULL,'Sergio Asenjo','Sergio Asenjo',NULL,82,NULL,18,'1',NULL,NULL,NULL),(1173,NULL,NULL,NULL,'Emiliano Viviano','Emiliano Viviano',NULL,82,NULL,18,'1',NULL,NULL,NULL),(1174,NULL,NULL,NULL,'José Ignacio Fernandez Iglesias','José Ignacio Fernandez Iglesias',NULL,83,NULL,18,'1',NULL,NULL,NULL),(1175,NULL,NULL,NULL,'Omer Toprak','Omer Toprak',NULL,80,NULL,18,'1',NULL,NULL,NULL),(1176,NULL,NULL,NULL,'Shkodran Mustafi','Shkodran Mustafi',NULL,79,NULL,18,'1',NULL,NULL,NULL),(1177,NULL,NULL,NULL,'Mateo Musacchio','Mateo Musacchio',NULL,80,NULL,18,'1',NULL,NULL,NULL),(1178,NULL,NULL,NULL,'Renzo Saravia','Renzo Saravia',NULL,79,NULL,18,'1',NULL,NULL,NULL),(1179,NULL,NULL,NULL,'Valentino Lazaro','Valentino Lazaro',NULL,75,NULL,18,'1',NULL,NULL,NULL),(1180,NULL,NULL,NULL,'Lucas Digne','Lucas Digne',NULL,83,NULL,18,'1',NULL,NULL,NULL),(1181,NULL,NULL,NULL,'Moussa Dembele','Moussa Dembele',NULL,81,NULL,18,'1',NULL,NULL,NULL),(1182,NULL,NULL,NULL,'Wilmar Barrios','Wilmar Barrios',NULL,78,NULL,18,'1',NULL,NULL,NULL),(1183,NULL,NULL,NULL,'Erick Pulgar','Erick Pulgar',NULL,77,NULL,18,'1',NULL,NULL,NULL),(1184,NULL,NULL,NULL,'Luis Diaz','Luis Diaz',NULL,75,NULL,18,'1',NULL,NULL,NULL),(1185,NULL,NULL,NULL,'Pablo Sarabia','Pablo Sarabia',NULL,83,NULL,18,'1',NULL,NULL,NULL),(1186,NULL,NULL,NULL,'Samuel Castillejo','Samuel Castillejo',NULL,80,NULL,18,'1',NULL,NULL,NULL),(1187,NULL,NULL,NULL,'Rafael Alcantara “Rafinha”','Rafael Alcantara “Rafinha”',NULL,81,NULL,18,'1',NULL,NULL,NULL),(1188,NULL,NULL,NULL,'Joao Mario','Joao Mario',NULL,81,NULL,18,'1',NULL,NULL,NULL),(1189,NULL,NULL,NULL,'Kangin Lee','Kangin Lee',NULL,76,NULL,18,'1',NULL,NULL,NULL),(1190,NULL,NULL,NULL,'Juan Camilo Hernández','Juan Camilo Hernández',NULL,75,NULL,18,'1',NULL,NULL,NULL),(1191,NULL,NULL,NULL,'Charles Aranguiz','Charles Aranguiz',NULL,83,NULL,18,'1',NULL,NULL,NULL),(1192,NULL,NULL,NULL,'Hakan Calhanoglu','Hakan Calhanoglu',NULL,80,NULL,18,'1',NULL,NULL,NULL),(1193,NULL,NULL,NULL,'Andrea Belotti','Andre Belotti',NULL,83,NULL,18,'1',NULL,NULL,NULL),(1194,NULL,NULL,NULL,'Max Kruse','Max Kruse',NULL,82,NULL,18,'1',NULL,NULL,NULL),(1195,NULL,NULL,NULL,'Manu Vallejo','Manu Vallejo',NULL,75,NULL,18,'1',NULL,NULL,NULL),(1196,NULL,NULL,NULL,'Mariano Diaz Mejía','Mariano Diaz Mejía',NULL,79,NULL,18,'1',NULL,NULL,NULL),(1197,NULL,NULL,NULL,'Lukáš Hrádecký','Lukáš Hrádecký',NULL,85,NULL,19,'1',NULL,NULL,NULL),(1198,NULL,NULL,NULL,'Thiago Emiliano da Silva','Thiago Emiliano da Silva',NULL,85,NULL,19,'1',NULL,NULL,NULL),(1199,NULL,NULL,NULL,'Stefan Lainer','Stefan Lainer',NULL,85,NULL,19,'1',NULL,NULL,NULL),(1200,NULL,NULL,NULL,'Sergio Ramos García','Sergio Ramos García',NULL,85,NULL,19,'1',NULL,NULL,NULL),(1201,NULL,NULL,NULL,'Iñigo Martínez Berridi','Iñigo Martínez Berridi',NULL,85,NULL,19,'1',NULL,NULL,NULL),(1202,NULL,NULL,NULL,'Jorge Resurrección Merodio Koke','Jorge Resurrección Merodio Koke',NULL,85,NULL,19,'1',NULL,NULL,NULL),(1203,NULL,NULL,NULL,'Eduardo Antonio Salvio','Eduardo Antonio Salvio',NULL,85,NULL,19,'1',NULL,NULL,NULL),(1204,NULL,NULL,NULL,'Saúl Ñíguez Esclápez','Saúl Ñíguez Esclápez',NULL,85,NULL,19,'1',NULL,NULL,NULL),(1205,NULL,NULL,NULL,'Renan Augusto Lodi dos Santos','Renan Augusto Lodi dos Santos',NULL,85,NULL,19,'1',NULL,NULL,NULL),(1206,NULL,NULL,NULL,'Sergio Leonel Agüero del Castillo','Sergio Leonel Agüero del Castillo',NULL,85,NULL,19,'1',NULL,NULL,NULL),(1207,NULL,NULL,NULL,'José Luis Morales Nogales','José Luis Morales Nogales',NULL,85,NULL,19,'1',NULL,NULL,NULL),(1208,NULL,NULL,NULL,'Jiří Pavlenka','Jiří Pavlenka',NULL,85,NULL,19,'1',NULL,NULL,NULL),(1209,NULL,NULL,NULL,'Hans Hateboer','Hans Hateboer',NULL,85,NULL,19,'1',NULL,NULL,NULL),(1210,NULL,NULL,NULL,'Darío Ismael Benedetto','Darío Ismael Benedetto',NULL,85,NULL,19,'1',NULL,NULL,NULL),(1211,NULL,NULL,NULL,'Timothy Castagne','Timothy Castagne',NULL,85,NULL,19,'1',NULL,NULL,NULL),(1212,NULL,NULL,NULL,'Valentin Rongier','Valentin Rongier',NULL,85,NULL,19,'1',NULL,NULL,NULL),(1213,NULL,NULL,NULL,'Josip Iličić','Josip Iličić',NULL,85,NULL,19,'1',NULL,NULL,NULL),(1214,NULL,NULL,NULL,'Sergio Canales Madrazo','Sergio Canales Madrazo',NULL,85,NULL,19,'1',NULL,NULL,NULL),(1215,NULL,NULL,NULL,'Axel Laurent Angel Lambert Witsel','Axel Laurent Angel Lambert Witsel',NULL,85,NULL,19,'1',NULL,NULL,NULL),(1216,NULL,NULL,NULL,'Thomas Joseph Delaney','Thomas Joseph Delaney',NULL,85,NULL,19,'1',NULL,NULL,NULL),(1217,NULL,NULL,NULL,'Lucas François Bernard Hernández','Lucas François Bernard Hernández',NULL,85,NULL,19,'1',NULL,NULL,NULL),(1218,NULL,NULL,NULL,'Carlos Joaquín Correa','Carlos Joaquín Correa',NULL,85,NULL,19,'1',NULL,NULL,NULL),(1219,NULL,NULL,NULL,'Fabio Quagliarella','Fabio Quagliarella',NULL,85,NULL,19,'1',NULL,NULL,NULL),(1220,NULL,NULL,NULL,'Edin Višća','Edin Višća',NULL,85,NULL,19,'1',NULL,NULL,NULL),(1221,NULL,NULL,NULL,'Duje Ćaleta,Car','Duje Ćaleta,Car',NULL,85,NULL,19,'1',NULL,NULL,NULL),(1222,NULL,NULL,NULL,'S. Ruffier','S. Ruffier',NULL,84,NULL,33,'1',NULL,NULL,NULL),(1223,NULL,NULL,NULL,'Jack Butland','Jack Butland',NULL,77,NULL,33,'1',NULL,NULL,NULL),(1224,NULL,NULL,NULL,'Bartra','Bartra',NULL,83,NULL,33,'1',NULL,NULL,NULL),(1225,NULL,NULL,NULL,'Ismaily','Ismaily',NULL,80,NULL,33,'1',NULL,NULL,NULL),(1226,NULL,NULL,NULL,'Gabriel Paulista','Gabriel Paulista',NULL,82,NULL,33,'1',NULL,NULL,NULL),(1227,NULL,NULL,NULL,'Vrsaljko','Vrsaljko',NULL,80,NULL,33,'1',NULL,NULL,NULL),(1228,NULL,NULL,NULL,'J. Lascelles','J. Lascelles',NULL,78,NULL,33,'1',NULL,NULL,NULL),(1229,NULL,NULL,NULL,'Malcuit','Malcuit',NULL,77,NULL,33,'1',NULL,NULL,NULL),(1230,NULL,NULL,NULL,'G.Mancini','G.Mancini',NULL,76,NULL,33,'1',NULL,NULL,NULL),(1231,NULL,NULL,NULL,'Matias Vecino','Matias Vecino',NULL,80,NULL,33,'1',NULL,NULL,NULL),(1232,NULL,NULL,NULL,'Ander Herrera','Ander Herrera',NULL,82,NULL,33,'1',NULL,NULL,NULL),(1233,NULL,NULL,NULL,'I. Perišić','I. Perišić',NULL,84,NULL,33,'1',NULL,NULL,NULL),(1234,NULL,NULL,NULL,'A. Marušić','A. Marušić',NULL,77,NULL,33,'1',NULL,NULL,NULL),(1235,NULL,NULL,NULL,'J. Veretout','J. Veretout',NULL,78,NULL,33,'1',NULL,NULL,NULL),(1236,NULL,NULL,NULL,'Cucurella','Cucurella',NULL,75,NULL,33,'1',NULL,NULL,NULL),(1237,NULL,NULL,NULL,'D. Samassékou','D. Samassékou',NULL,79,NULL,33,'1',NULL,NULL,NULL),(1238,NULL,NULL,NULL,'L. Paredes','L. Paredes',NULL,79,NULL,33,'1',NULL,NULL,NULL),(1239,NULL,NULL,NULL,'Melendo','Melendo',NULL,80,NULL,33,'1',NULL,NULL,NULL),(1240,NULL,NULL,NULL,'J.Lingard','J.Lingard',NULL,82,NULL,33,'1',NULL,NULL,NULL),(1241,NULL,NULL,NULL,'E.Buendia','E.Buendia',NULL,75,NULL,33,'1',NULL,NULL,NULL),(1242,NULL,NULL,NULL,'A. Gómez','A. Gómez',NULL,85,NULL,33,'1',NULL,NULL,NULL),(1243,NULL,NULL,NULL,'Rodrigo','Rodrigo',NULL,83,NULL,33,'1',NULL,NULL,NULL),(1244,NULL,NULL,NULL,'Okereke','Okereke',NULL,73,NULL,33,'1',NULL,NULL,NULL),(1245,NULL,NULL,NULL,'A. Sanchez','A. Sanchez',NULL,82,NULL,33,'1',NULL,NULL,NULL),(1246,NULL,NULL,NULL,'Arnautovic','Arnautovic',NULL,82,NULL,33,'1',NULL,NULL,NULL);
/*!40000 ALTER TABLE `persona` ENABLE KEYS */;
UNLOCK TABLES;

--
-- Dumping data for table `persona_has_roles`
--

LOCK TABLES `persona_has_roles` WRITE;
/*!40000 ALTER TABLE `persona_has_roles` DISABLE KEYS */;
INSERT INTO `persona_has_roles` VALUES (502,1),(503,1),(504,1),(505,1),(506,1),(507,1),(508,1),(509,1),(510,1),(511,1),(512,1),(513,1),(514,1),(515,1),(516,1),(517,1),(518,1),(519,1),(520,1),(521,1),(522,1),(523,1),(524,1),(525,1),(526,1),(527,1),(528,1),(529,1),(530,1),(531,1),(532,1),(533,1),(534,1),(535,1),(536,1),(537,1),(538,1),(539,1),(540,1),(541,1),(542,1),(543,1),(544,1),(545,1),(546,1),(547,1),(548,1),(549,1),(550,1),(551,1),(552,1),(553,1),(554,1),(555,1),(556,1),(557,1),(558,1),(559,1),(560,1),(561,1),(562,1),(563,1),(564,1),(565,1),(566,1),(567,1),(568,1),(569,1),(570,1),(571,1),(572,1),(573,1),(574,1),(575,1),(576,1),(577,1),(578,1),(579,1),(580,1),(581,1),(582,1),(583,1),(584,1),(585,1),(586,1),(587,1),(588,1),(589,1),(590,1),(591,1),(592,1),(593,1),(594,1),(595,1),(596,1),(597,1),(598,1),(599,1),(600,1),(601,1),(602,1),(603,1),(604,1),(605,1),(606,1),(607,1),(608,1),(609,1),(610,1),(611,1),(612,1),(613,1),(614,1),(615,1),(616,1),(617,1),(618,1),(619,1),(620,1),(621,1),(622,1),(623,1),(624,1),(625,1),(626,1),(627,1),(628,1),(629,1),(630,1),(631,1),(632,1),(633,1),(634,1),(635,1),(636,1),(637,1),(638,1),(639,1),(640,1),(641,1),(642,1),(643,1),(644,1),(645,1),(646,1),(647,1),(648,1),(649,1),(650,1),(651,1),(652,1),(653,1),(654,1),(655,1),(656,1),(657,1),(658,1),(659,1),(660,1),(661,1),(662,1),(663,1),(664,1),(665,1),(666,1),(667,1),(668,1),(669,1),(670,1),(671,1),(672,1),(673,1),(674,1),(675,1),(676,1),(677,1),(678,1),(679,1),(680,1),(681,1),(682,1),(683,1),(684,1),(685,1),(686,1),(687,1),(688,1),(689,1),(690,1),(691,1),(692,1),(693,1),(694,1),(695,1),(696,1),(697,1),(698,1),(699,1),(700,1),(701,1),(702,1),(703,1),(704,1),(705,1),(706,1),(707,1),(708,1),(709,1),(710,1),(711,1),(712,1),(713,1),(714,1),(715,1),(716,1),(717,1),(718,1),(719,1),(720,1),(721,1),(722,1),(723,1),(724,1),(725,1),(726,1),(727,1),(728,1),(729,1),(730,1),(731,1),(732,1),(733,1),(734,1),(735,1),(736,1),(737,1),(738,1),(739,1),(740,1),(741,1),(742,1),(743,1),(744,1),(745,1),(746,1),(747,1),(748,1),(749,1),(750,1),(751,1),(752,1),(753,1),(754,1),(755,1),(756,1),(757,1),(758,1),(759,1),(760,1),(761,1),(762,1),(763,1),(764,1),(765,1),(766,1),(767,1),(768,1),(769,1),(770,1),(771,1),(772,1),(773,1),(774,1),(775,1),(776,1),(777,1),(778,1),(779,1),(780,1),(781,1),(782,1),(783,1),(784,1),(785,1),(786,1),(787,1),(788,1),(789,1),(790,1),(791,1),(792,1),(793,1),(794,1),(795,1),(796,1),(797,1),(798,1),(799,1),(800,1),(801,1),(802,1),(803,1),(804,1),(805,1),(806,1),(807,1),(808,1),(809,1),(810,1),(811,1),(812,1),(813,1),(814,1),(815,1),(816,1),(817,1),(818,1),(819,1),(820,1),(821,1),(822,1),(823,1),(824,1),(825,1),(826,1),(827,1),(828,1),(829,1),(830,1),(831,1),(832,1),(833,1),(834,1),(835,1),(836,1),(837,1),(838,1),(839,1),(840,1),(841,1),(842,1),(843,1),(844,1),(845,1),(846,1),(847,1),(848,1),(849,1),(850,1),(851,1),(852,1),(853,1),(854,1),(855,1),(856,1),(857,1),(858,1),(859,1),(860,1),(861,1),(862,1),(863,1),(864,1),(865,1),(866,1),(867,1),(868,1),(869,1),(870,1),(871,1),(872,1),(873,1),(874,1),(875,1),(876,1),(877,1),(878,1),(879,1),(880,1),(881,1),(882,1),(883,1),(884,1),(885,1),(886,1),(887,1),(888,1),(889,1),(890,1),(891,1),(892,1),(893,1),(894,1),(895,1),(896,1),(897,1),(898,1),(899,1),(900,1),(901,1),(902,1),(903,1),(904,1),(905,1),(906,1),(907,1),(908,1),(909,1),(910,1),(911,1),(912,1),(913,1),(914,1),(915,1),(916,1),(917,1),(918,1),(919,1),(920,1),(921,1),(922,1),(923,1),(924,1),(925,1),(926,1),(927,1),(928,1),(929,1),(930,1),(931,1),(932,1),(933,1),(934,1),(935,1),(936,1),(937,1),(938,1),(939,1),(940,1),(941,1),(942,1),(943,1),(944,1),(945,1),(946,1),(947,1),(948,1),(949,1),(950,1),(951,1),(952,1),(953,1),(954,1),(955,1),(956,1),(957,1),(958,1),(959,1),(960,1),(961,1),(962,1),(963,1),(964,1),(965,1),(966,1),(967,1),(968,1),(969,1),(970,1),(971,1),(972,1),(973,1),(974,1),(975,1),(976,1),(977,1),(978,1),(979,1),(980,1),(981,1),(982,1),(983,1),(984,1),(985,1),(986,1),(987,1),(988,1),(989,1),(990,1),(991,1),(992,1),(993,1),(994,1),(995,1),(996,1),(997,1),(998,1),(999,1),(1000,1),(1001,1),(1002,1),(1003,1),(1004,1),(1005,1),(1006,1),(1007,1),(1008,1),(1009,1),(1010,1),(1011,1),(1012,1),(1013,1),(1014,1),(1015,1),(1016,1),(1017,1),(1018,1),(1019,1),(1020,1),(1021,1),(1022,1),(1023,1),(1024,1),(1025,1),(1026,1),(1027,1),(1028,1),(1029,1),(1030,1),(1031,1),(1032,1),(1033,1),(1034,1),(1035,1),(1036,1),(1037,1),(1038,1),(1039,1),(1040,1),(1041,1),(1042,1),(1043,1),(1044,1),(1045,1),(1046,1),(1047,1),(1048,1),(1049,1),(1050,1),(1051,1),(1052,1),(1053,1),(1054,1),(1055,1),(1056,1),(1057,1),(1058,1),(1059,1),(1060,1),(1061,1),(1062,1),(1063,1),(1064,1),(1065,1),(1066,1),(1067,1),(1068,1),(1069,1),(1070,1),(1071,1),(1072,1),(1073,1),(1074,1),(1075,1),(1076,1),(1077,1),(1078,1),(1079,1),(1080,1),(1081,1),(1082,1),(1083,1),(1084,1),(1085,1),(1086,1),(1087,1),(1088,1),(1089,1),(1090,1),(1091,1),(1092,1),(1093,1),(1094,1),(1095,1),(1096,1),(1097,1),(1098,1),(1099,1),(1100,1),(1101,1),(1102,1),(1103,1),(1104,1),(1105,1),(1106,1),(1107,1),(1108,1),(1109,1),(1110,1),(1111,1),(1112,1),(1113,1),(1114,1),(1115,1),(1116,1),(1117,1),(1118,1),(1119,1),(1120,1),(1121,1),(1122,1),(1123,1),(1124,1),(1125,1),(1126,1),(1127,1),(1128,1),(1129,1),(1130,1),(1131,1),(1132,1),(1133,1),(1134,1),(1135,1),(1136,1),(1137,1),(1138,1),(1139,1),(1140,1),(1141,1),(1142,1),(1143,1),(1144,1),(1145,1),(1146,1),(1147,1),(1148,1),(1149,1),(1150,1),(1151,1),(1152,1),(1153,1),(1154,1),(1155,1),(1156,1),(1157,1),(1158,1),(1159,1),(1160,1),(1161,1),(1162,1),(1163,1),(1164,1),(1165,1),(1166,1),(1167,1),(1168,1),(1169,1),(1170,1),(1171,1),(1172,1),(1173,1),(1174,1),(1175,1),(1176,1),(1177,1),(1178,1),(1179,1),(1180,1),(1181,1),(1182,1),(1183,1),(1184,1),(1185,1),(1186,1),(1187,1),(1188,1),(1189,1),(1190,1),(1191,1),(1192,1),(1193,1),(1194,1),(1195,1),(1196,1),(1197,1),(1198,1),(1199,1),(1200,1),(1201,1),(1202,1),(1203,1),(1204,1),(1205,1),(1206,1),(1207,1),(1208,1),(1209,1),(1210,1),(1211,1),(1212,1),(1213,1),(1214,1),(1215,1),(1216,1),(1217,1),(1218,1),(1219,1),(1220,1),(1221,1),(1222,1),(1223,1),(1224,1),(1225,1),(1226,1),(1227,1),(1228,1),(1229,1),(1230,1),(1231,1),(1232,1),(1233,1),(1234,1),(1235,1),(1236,1),(1237,1),(1238,1),(1239,1),(1240,1),(1241,1),(1242,1),(1243,1),(1244,1),(1245,1),(1246,1);
/*!40000 ALTER TABLE `persona_has_roles` ENABLE KEYS */;
UNLOCK TABLES;

--
-- Dumping data for table `prestamos`
--

LOCK TABLES `prestamos` WRITE;
/*!40000 ALTER TABLE `prestamos` DISABLE KEYS */;
/*!40000 ALTER TABLE `prestamos` ENABLE KEYS */;
UNLOCK TABLES;

--
-- Dumping data for table `roles`
--

LOCK TABLES `roles` WRITE;
/*!40000 ALTER TABLE `roles` DISABLE KEYS */;
INSERT INTO `roles` VALUES (1,'Jugador','Jugador'),(2,'Manager','Manager'),(3,'Admin','Admin'),(4,'Usuario','Usuario');
/*!40000 ALTER TABLE `roles` ENABLE KEYS */;
UNLOCK TABLES;

--
-- Dumping data for table `sponsor`
--

LOCK TABLES `sponsor` WRITE;
/*!40000 ALTER TABLE `sponsor` DISABLE KEYS */;
INSERT INTO `sponsor` VALUES (1,'Arena Vision','Arena Vision',20000000,2,'C'),(2,'Capo Deportes','Capo Deportes',20000000,2,'C'),(3,'FutbolArg','FutbolArg',20000000,2,'C'),(4,'EliteGol','EliteGol',25000000,2,'B'),(5,'Rojadirecta','Rojadirecta',25000000,2,'B'),(6,'PirloTV','PirloTV',25000000,2,'B'),(7,'Bein Sports','Bein Sports',35000000,2,'A'),(8,'EuroSport','EuroSport',35000000,2,'A'),(9,'GolTV','GolTV',35000000,2,'A');
/*!40000 ALTER TABLE `sponsor` ENABLE KEYS */;
UNLOCK TABLES;

--
-- Dumping data for table `sponsor_has_concepto`
--

LOCK TABLES `sponsor_has_concepto` WRITE;
/*!40000 ALTER TABLE `sponsor_has_concepto` DISABLE KEYS */;
INSERT INTO `sponsor_has_concepto` VALUES (7,1),(8,1),(9,1),(7,2),(8,2),(9,2),(7,3),(8,3),(9,3),(7,4),(8,4),(9,4),(7,5),(8,5),(9,5),(7,6),(8,6),(9,6),(4,7),(5,7),(6,7),(4,8),(5,8),(6,8),(4,9),(5,9),(6,9),(4,10),(5,10),(6,10),(4,11),(5,11),(6,11),(4,12),(5,12),(6,12),(1,13),(2,13),(3,13),(1,14),(2,14),(3,14),(1,15),(2,15),(3,15),(1,16),(2,16),(3,16),(1,17),(2,17),(3,17),(1,18),(2,18),(3,18);
/*!40000 ALTER TABLE `sponsor_has_concepto` ENABLE KEYS */;
UNLOCK TABLES;

--
-- Dumping data for table `tipoconcepto`
--

LOCK TABLES `tipoconcepto` WRITE;
/*!40000 ALTER TABLE `tipoconcepto` DISABLE KEYS */;
INSERT INTO `tipoconcepto` VALUES (1,'ingreso','Ingreso'),(2,'egreso','egreso');
/*!40000 ALTER TABLE `tipoconcepto` ENABLE KEYS */;
UNLOCK TABLES;

--
-- Dumping data for table `tipoimagen`
--

LOCK TABLES `tipoimagen` WRITE;
/*!40000 ALTER TABLE `tipoimagen` DISABLE KEYS */;
INSERT INTO `tipoimagen` VALUES (1,'Logo jornadas','Logo jornadas'),(2,'Logo Equipo','Logo Equipo');
/*!40000 ALTER TABLE `tipoimagen` ENABLE KEYS */;
UNLOCK TABLES;

--
-- Dumping data for table `torneos`
--

LOCK TABLES `torneos` WRITE;
/*!40000 ALTER TABLE `torneos` DISABLE KEYS */;
INSERT INTO `torneos` VALUES (1,'78 temporada','78 temporada',1),(2,'79','79 temporada',1),(5,'81','81 Temporada',1);
/*!40000 ALTER TABLE `torneos` ENABLE KEYS */;
UNLOCK TABLES;

--
-- Dumping data for table `usuarios`
--

LOCK TABLES `usuarios` WRITE;
/*!40000 ALTER TABLE `usuarios` DISABLE KEYS */;
INSERT INTO `usuarios` VALUES ('chelo',NULL,'$2a$10$0x/FjzZtmVNLSlFrHvfon.PsJlucbvLHgOB29VJ9qg4G7AM7YSsRi',10),('cheloMX',NULL,'$2a$10$jhjZfMgWgxMBkocAwSqWdegBFNqS41E1wDPRB378olLitYhn/PKym',10),('prueba',NULL,'$2a$10$0g5gZsOVGvuIovuMRcy1UessooZ4jeMttABOcMmP5o8E9ghSmTVdq',4),('prueba1',NULL,'$2a$10$dCUF4tbOcrxpJBLxZIliNOOcTBXtza.oW2GYHVCHa4g4oAf7uvaKe',NULL),('prueba2',NULL,'$2a$10$voplUy40RLaXITBNk3yCc.pNBxt5I4usNoGmLfKtXvJT7uG1ON6ee',NULL),('prueba3',NULL,'$2a$10$cBZmlMiXYA2eioLvyuIQkeYi1Y2pTi9rqG2H9m/XjZImEBvQO.xvK',NULL),('prueba4',NULL,'$2a$10$q00kZ.hNoQbBklGlRtiEyukfaJjnuQJc0nao7U1NoZaY3yfkIF66u',NULL),('prueba5',NULL,'$2a$10$qOjg44fs7hZDR/tX5uBOguRfxdHGe0BBoY1CEJGHu/iQVo5cdI8/K',NULL),('prueba6',NULL,'$2a$10$P4iZq2Y/lxEZaEOSzyegGuf/P/.w7.QoAejieHBiZ0cSfuICaq05W',NULL),('rafazava',NULL,'$2a$10$moVXDLtejSyRDBV0b1Fz.e5gxX07/1CLHYx58olD8TZ80i10AJqee',8),('zavaraf',NULL,'$2a$10$JTyvfmzJZzvLZOUuvnu82uuTOrf4CoVyn8sJuL8L.SnxSU1NfmHwG',2);
/*!40000 ALTER TABLE `usuarios` ENABLE KEYS */;
UNLOCK TABLES;

--
-- Dumping data for table `usuarios_has_roles`
--

LOCK TABLES `usuarios_has_roles` WRITE;
/*!40000 ALTER TABLE `usuarios_has_roles` DISABLE KEYS */;
INSERT INTO `usuarios_has_roles` VALUES ('chelo',2),('cheloMX',2),('prueba',2),('rafazava',2),('zavaraf',2),('zavaraf',3),('chelo',4),('cheloMX',4),('prueba',4),('prueba1',4),('prueba2',4),('prueba3',4),('prueba4',4),('prueba5',4),('prueba6',4),('rafazava',4);
/*!40000 ALTER TABLE `usuarios_has_roles` ENABLE KEYS */;
UNLOCK TABLES;
/*!40103 SET TIME_ZONE=@OLD_TIME_ZONE */;

/*!40101 SET SQL_MODE=@OLD_SQL_MODE */;
/*!40014 SET FOREIGN_KEY_CHECKS=@OLD_FOREIGN_KEY_CHECKS */;
/*!40014 SET UNIQUE_CHECKS=@OLD_UNIQUE_CHECKS */;
/*!40101 SET CHARACTER_SET_CLIENT=@OLD_CHARACTER_SET_CLIENT */;
/*!40101 SET CHARACTER_SET_RESULTS=@OLD_CHARACTER_SET_RESULTS */;
/*!40101 SET COLLATION_CONNECTION=@OLD_COLLATION_CONNECTION */;
/*!40111 SET SQL_NOTES=@OLD_SQL_NOTES */;

-- Dump completed on 2019-11-30 11:13:31
