-- MySQL dump 10.13  Distrib 5.7.17, for Win64 (x86_64)
--
-- Host: localhost    Database: fifaxgamersbd
-- ------------------------------------------------------
-- Server version	5.7.19-log

/*!40101 SET @OLD_CHARACTER_SET_CLIENT=@@CHARACTER_SET_CLIENT */;
/*!40101 SET @OLD_CHARACTER_SET_RESULTS=@@CHARACTER_SET_RESULTS */;
/*!40101 SET @OLD_COLLATION_CONNECTION=@@COLLATION_CONNECTION */;
/*!40101 SET NAMES utf8 */;
/*!40103 SET @OLD_TIME_ZONE=@@TIME_ZONE */;
/*!40103 SET TIME_ZONE='+00:00' */;
/*!40014 SET @OLD_UNIQUE_CHECKS=@@UNIQUE_CHECKS, UNIQUE_CHECKS=0 */;
/*!40014 SET @OLD_FOREIGN_KEY_CHECKS=@@FOREIGN_KEY_CHECKS, FOREIGN_KEY_CHECKS=0 */;
/*!40101 SET @OLD_SQL_MODE=@@SQL_MODE, SQL_MODE='NO_AUTO_VALUE_ON_ZERO' */;
/*!40111 SET @OLD_SQL_NOTES=@@SQL_NOTES, SQL_NOTES=0 */;

--
-- Dumping data for table `catalogoconceptos`
--

LOCK TABLES `catalogoconceptos` WRITE;
/*!40000 ALTER TABLE `catalogoconceptos` DISABLE KEYS */;
INSERT INTO `catalogoconceptos` VALUES (1,'pretemporada','Pretemporada',1),(2,'altasPC','Altas a la PC',2),(3,'bajasPC','Bajas a la PC',1),(4,'ventasDT','Ventas a la DT',1),(5,'comprasDT','Compras a la DT',2);
/*!40000 ALTER TABLE `catalogoconceptos` ENABLE KEYS */;
UNLOCK TABLES;

--
-- Dumping data for table `conceptosfinancieros`
--

LOCK TABLES `conceptosfinancieros` WRITE;
/*!40000 ALTER TABLE `conceptosfinancieros` DISABLE KEYS */;
INSERT INTO `conceptosfinancieros` VALUES (1,30000000,1,1,2,1),(2,25000000,1,1,10,1),(3,11000000,4,1,11,1),(4,30000000,1,1,11,1),(5,11000000,3,1,10,1),(6,15000000,2,1,8,1),(7,0,2,1,2,1),(8,23000000,2,1,11,1),(9,30000,1,1,8,1),(10,53000000,2,1,12,2),(11,27000000,2,1,2,2),(12,43000000,2,1,8,2),(13,0,1,1,2,2),(14,12000000,2,1,10,2),(15,25000000,3,1,2,2),(16,67000000,2,1,2,5);
/*!40000 ALTER TABLE `conceptosfinancieros` ENABLE KEYS */;
UNLOCK TABLES;

--
-- Dumping data for table `conceptosponsor`
--

LOCK TABLES `conceptosponsor` WRITE;
/*!40000 ALTER TABLE `conceptosponsor` DISABLE KEYS */;
INSERT INTO `conceptosponsor` VALUES (1,'Top 4 en la general','Top 4 en la general','0',7000000,0),(2,'17 o Más Goles a Favor en la General','17 o Más Goles a Favor en la General','0',5000000,0),(3,'3 Victorias de Visitante:','3 Victorias de Visitante:','0',6000000,0),(4,'Ascenso Directo','Ascenso Directo','1',7000000,4000000),(5,'12 Puntos de Visitante','12 Puntos de Visitante','1',5000000,3000000),(6,'14 o Más Goles de Diferencia de Gol en la General','14 o Más Goles de Diferencia de Gol en la General','1',5000000,3000000),(7,'Top 6 en la General','Top 6 en la General','0',6000000,0),(8,'Máximo 2 Derrotas','Máximo 2 Derrotas','0',6000000,0),(9,'Hasta 13 Goles en Contra en la General','Hasta 13 Goles en Contra en la General','0',4000000,0),(10,'Ascenso Directo','Ascenso Directo','1',6000000,3000000),(11,'4 o Más Victorias Como Local','4 o Más Victorias Como Local','1',4000000,2000000),(12,'8 o Más Goles a Favor de Visitante','8 o Más Goles a Favor de Visitante','1',4000000,2000000),(13,'Evitar la Última/Penultima Casilla','Evitar la Última/Penultima Casilla','0',6000000,0),(14,'3 Victorias en la General','3 Victorias en la General','0',5000000,0),(15,'Hasta 15 Goles en Contra en la General','Hasta 15 Goles en Contra en la General','0',6000000,0),(16,'Top 8 en la General','Top 8 en la General','1',6000000,4000000),(17,'3 o Más Victorias de Visitante','3 o Más Victorias de Visitante','1',4000000,2000000),(18,'10 o Más Goles a Favor en la General','10 o Más Goles a Favor en la General','1',4000000,2000000);
/*!40000 ALTER TABLE `conceptosponsor` ENABLE KEYS */;
UNLOCK TABLES;

--
-- Dumping data for table `configuraciondraft`
--

LOCK TABLES `configuraciondraft` WRITE;
/*!40000 ALTER TABLE `configuraciondraft` DISABLE KEYS */;
INSERT INTO `configuraciondraft` VALUES (1,'ofertaInicial','Oferta Inicial para draft',7000000),(2,'contraoferta','Contraoferta Draft',5000000),(3,'confirmacionDraft','Minutos para confirmar Draft',120),(4,'horaInicio','Hora que inicia el Draft',9),(5,'horaFin','Hora que termina el Draft',24);
/*!40000 ALTER TABLE `configuraciondraft` ENABLE KEYS */;
UNLOCK TABLES;

--
-- Dumping data for table `dadosfinancierossponsor`
--

LOCK TABLES `dadosfinancierossponsor` WRITE;
/*!40000 ALTER TABLE `dadosfinancierossponsor` DISABLE KEYS */;
INSERT INTO `dadosfinancierossponsor` VALUES (1,2,1,7,1,''),(1,2,1,7,2,''),(1,2,1,7,3,'\0'),(1,2,1,7,4,'\0'),(1,2,1,7,5,''),(1,2,1,7,6,'\0'),(1,9,5,1,13,'\0'),(1,9,5,1,14,'\0'),(1,9,5,1,15,'\0'),(1,9,5,1,16,'\0'),(1,9,5,1,17,'\0'),(1,9,5,1,18,'\0'),(1,11,1,4,7,''),(1,11,1,4,8,'\0'),(1,11,1,4,9,'\0'),(1,11,1,4,10,'\0'),(1,11,1,4,11,'\0'),(1,11,1,4,12,'\0');
/*!40000 ALTER TABLE `dadosfinancierossponsor` ENABLE KEYS */;
UNLOCK TABLES;

--
-- Dumping data for table `datosfinancieros`
--

LOCK TABLES `datosfinancieros` WRITE;
/*!40000 ALTER TABLE `datosfinancieros` DISABLE KEYS */;
INSERT INTO `datosfinancieros` VALUES (1,207000000,181000000,2,1,'',226000000),(1,76000000,-9000000,2,2,'\0',-9000000),(1,2000000000,1933000000,2,5,'\0',1933000000),(1,50000000,35030000,8,1,'\0',35030000),(1,50000000,6000000,8,2,'\0',6000000),(1,0,0,9,5,'',NULL),(1,30000000,66000000,10,1,'\0',66000000),(1,50000000,38000000,10,2,'\0',38000000),(1,20000000,38000000,11,1,'',62000000),(1,80000000,27000000,12,2,'\0',27000000);
/*!40000 ALTER TABLE `datosfinancieros` ENABLE KEYS */;
UNLOCK TABLES;

--
-- Dumping data for table `division`
--

LOCK TABLES `division` WRITE;
/*!40000 ALTER TABLE `division` DISABLE KEYS */;
INSERT INTO `division` VALUES (1,'1ra división LM','1ra division LM','1',1),(2,'2da division','2da division LM','1',1);
/*!40000 ALTER TABLE `division` ENABLE KEYS */;
UNLOCK TABLES;

--
-- Dumping data for table `draftpc`
--

LOCK TABLES `draftpc` WRITE;
/*!40000 ALTER TABLE `draftpc` DISABLE KEYS */;
INSERT INTO `draftpc` VALUES (1,12000000,27,'2019-11-15 16:21:08.000000','zavaraf',5,'Borussia Dortmund','',12000000,2),(1,12000000,28,'2019-04-09 09:37:39.000000','DTValencia',2,'Valencia','',18000000,12),(1,14000000,39,'2018-09-18 22:38:00.000000','zavaraf',1,'Borussia Dortmund','',16000000,2),(1,12000000,40,'2019-04-09 09:35:51.000000','DTValencia',2,'Valencia','',17000000,12),(1,18000000,41,'2018-09-19 09:02:42.000000','vidales',1,'Fiorentina','',23000000,11),(1,12000000,41,'2019-04-10 16:02:32.000000','zavaraf',2,'Borussia Dortmund','',12000000,2),(1,1000000,42,'2018-09-19 09:54:15.000000','chelopet',1,'Napoli','',15000000,8),(1,18000000,42,'2019-04-08 23:37:17.000000','DTValencia',2,'Valencia','',18000000,12),(1,12000000,43,'2019-04-25 09:47:21.000000','zavaraf',2,'Borussia Dortmund','',12000000,2),(1,23000000,45,'2019-04-25 17:20:26.000000','rafazava',2,'Napoli','',28000000,8),(1,12000000,47,'2019-04-25 17:35:47.000000','cheloMX',2,'Arsenal','',12000000,10),(1,15000000,60,'2019-05-02 12:06:31.000000','zavaraf',2,'Borussia Dortmund','',15000000,2);
/*!40000 ALTER TABLE `draftpc` ENABLE KEYS */;
UNLOCK TABLES;

--
-- Dumping data for table `equipos`
--

LOCK TABLES `equipos` WRITE;
/*!40000 ALTER TABLE `equipos` DISABLE KEYS */;
INSERT INTO `equipos` VALUES (1,'Agente Libre','Agente Libre','1',1),(2,'Borussia Dortmund','B. DORMUND','1',2),(4,'Milan','Milan','1',1),(8,'Napoli','Napoli putito','1',2),(9,'Mancherter City','Man City','1',2),(10,'Arsenal','Arsenal','1',1),(11,'Fiorentina','Fiorentina','1',2),(12,'Valencia','Valencia','1',2),(13,'AFC AJAX','AFC AJAX','1',1),(14,'AS ROMA','AS ROMA','1',2),(15,'FC BAYERN MÜNCHEN','FC BAYERN MÜNCHEN','1',1),(16,'REAL MADRID CF','REAL MADRID CF','1',1),(17,'PSV EINDHOVEN','PSV EINDHOVEN','1',1),(18,'FC PORTO','FC PORTO','1',1),(19,'VILLARREAL CF','VILLARREAL CF','1',1),(20,'FC BARCELONA','FC BARCELONA','1',1),(21,'JUVENTUS FC','JUVENTUS FC','1',1),(22,'TOTTENHAM HOTSPUR FC','TOTTENHAM HOTSPUR FC','1',1),(23,'EVERTON FC','EVERTON FC','1',1),(24,'LIVERPOOL FC','LIVERPOOL FC','1',1),(25,'VfB STUTTGART','VfB STUTTGART','1',1),(26,'FC INTER MILAN','FC INTER MILAN','1',1),(27,'ATLÉTICO DE MADRID','ATLÉTICO DE MADRID','1',1),(28,'LEICESTER CITY FC FC','LEICESTER CITY FC FC','1',1),(29,'SL BENFICA','SL BENFICA','1',1),(30,'PARIS SAINT-GERMAIN','PARIS SAINT-GERMAIN','1',2),(31,'REAL BETIS BALOMPIÉ','REAL BETIS BALOMPIÉ','1',2),(32,'MANCHESTER UNITED FC','MANCHESTER UNITED FC','1',2),(33,'SEVILLA FC','SEVILLA FC','1',2),(34,'CHELSEA FC','CHELSEA FC','1',2),(35,'RB LEIPZIG','RB LEIPZIG','1',2),(36,'AS MONACO','AS MONACO','1',2),(37,'OLYMPIQUE LYONNAIS','OLYMPIQUE LYONNAIS','1',2);
/*!40000 ALTER TABLE `equipos` ENABLE KEYS */;
UNLOCK TABLES;

--
-- Dumping data for table `equipos_has_torneos`
--

LOCK TABLES `equipos_has_torneos` WRITE;
/*!40000 ALTER TABLE `equipos_has_torneos` DISABLE KEYS */;
INSERT INTO `equipos_has_torneos` VALUES (1,2),(1,5),(2,1),(2,2),(2,5),(4,1),(4,2),(4,5),(8,1),(8,2),(8,5),(9,1),(9,2),(9,5),(10,1),(10,2),(10,5),(11,1),(11,2),(11,5),(12,1),(12,2),(12,5),(13,5),(14,5),(15,5),(16,5),(17,5),(18,5),(19,5),(20,5),(21,5),(22,5),(23,5),(24,5),(25,5),(26,5),(27,5),(28,5),(29,5),(30,5),(31,5),(32,5),(33,5),(34,5),(35,5),(36,5),(37,5);
/*!40000 ALTER TABLE `equipos_has_torneos` ENABLE KEYS */;
UNLOCK TABLES;

--
-- Dumping data for table `golesjornadas`
--

LOCK TABLES `golesjornadas` WRITE;
/*!40000 ALTER TABLE `golesjornadas` DISABLE KEYS */;
INSERT INTO `golesjornadas` VALUES (40,156,NULL,'2019-11-15',4,5464,330,NULL),(41,156,NULL,'2019-11-15',4,5464,330,NULL),(42,15,NULL,'2019-11-15',10,5465,330,NULL),(43,15,NULL,'2019-11-15',10,5465,330,NULL),(44,15,NULL,'2019-11-15',10,5465,330,NULL),(45,81,NULL,'2019-11-15',27,5466,330,NULL),(46,81,NULL,'2019-11-15',27,5466,330,NULL),(47,198,NULL,'2019-11-15',26,5467,330,NULL),(48,227,NULL,'2019-11-15',16,5468,330,NULL),(49,227,NULL,'2019-11-15',16,5468,330,NULL),(50,253,NULL,'2019-11-15',17,5469,330,NULL),(51,253,NULL,'2019-11-15',17,5469,330,NULL),(52,279,NULL,'2019-11-15',18,5470,330,NULL),(53,279,NULL,'2019-11-15',18,5470,330,NULL),(54,279,NULL,'2019-11-15',18,5470,330,NULL),(55,383,NULL,'2019-11-15',19,5471,330,NULL),(56,389,NULL,'2019-11-15',22,5471,330,NULL),(57,414,NULL,'2019-11-15',21,5472,330,NULL),(58,429,NULL,'2019-11-15',20,5472,330,NULL),(59,429,NULL,'2019-11-15',20,5472,330,NULL),(60,138,NULL,'2019-11-15',4,5473,331,NULL),(61,138,NULL,'2019-11-15',4,5473,331,NULL),(62,500,NULL,'2019-11-15',27,5474,331,NULL),(63,500,NULL,'2019-11-15',27,5474,331,NULL),(64,15,NULL,'2019-11-15',10,5475,331,NULL),(65,68,NULL,'2019-11-15',25,5476,331,NULL),(66,68,NULL,'2019-11-15',25,5476,331,NULL),(67,204,NULL,'2019-11-15',15,5477,331,NULL),(68,204,NULL,'2019-11-15',15,5477,331,NULL),(69,226,NULL,'2019-11-15',16,5478,331,NULL),(70,226,NULL,'2019-11-15',16,5478,331,NULL),(71,238,NULL,'2019-11-15',17,5479,331,NULL),(72,238,NULL,'2019-11-15',17,5479,331,NULL),(73,238,NULL,'2019-11-15',17,5479,331,NULL),(74,238,NULL,'2019-11-15',17,5479,331,NULL),(75,277,NULL,'2019-11-15',18,5480,331,NULL),(76,277,NULL,'2019-11-15',18,5480,331,NULL),(77,277,NULL,'2019-11-15',18,5480,331,NULL),(78,276,NULL,'2019-11-15',18,5480,331,NULL),(79,276,NULL,'2019-11-15',18,5480,331,NULL),(80,278,NULL,'2019-11-15',21,5480,331,NULL),(81,278,NULL,'2019-11-15',21,5480,331,NULL),(82,429,NULL,'2019-11-15',20,5481,331,NULL),(83,429,NULL,'2019-11-15',20,5481,331,NULL),(84,429,NULL,'2019-11-15',20,5481,331,NULL),(85,429,NULL,'2019-11-15',20,5481,331,NULL);
/*!40000 ALTER TABLE `golesjornadas` ENABLE KEYS */;
UNLOCK TABLES;

--
-- Dumping data for table `historicodraft`
--

LOCK TABLES `historicodraft` WRITE;
/*!40000 ALTER TABLE `historicodraft` DISABLE KEYS */;
INSERT INTO `historicodraft` VALUES (14,12000000,'2018-09-18','chelo',1,41,1,'Napoli',12000000,8),(15,12000000,'2018-09-18','zavaraf',1,41,1,'Borussia Dortmund',14000000,2),(16,14000000,'2018-09-18','chelo',1,41,1,'Napoli',16000000,8),(17,12000000,'2018-09-18','vidales',1,39,1,'Fiorentina',12000000,11),(18,16000000,'2018-09-18','zavaraf',1,41,1,'Borussia Dortmund',18000000,2),(19,12000000,'2018-09-18','zavaraf',1,39,1,'Borussia Dortmund',14000000,2),(20,14000000,'2018-09-18','vidales',1,39,1,'Fiorentina',14000006,11),(21,14000000,'2018-09-18','zavaraf',1,39,1,'Borussia Dortmund',16000000,2),(22,1000000,'2018-09-19','davis',1,42,1,'Fiorentina',1000000,11),(23,18000000,'2018-09-19','vidales',1,41,1,'Fiorentina',23000000,11),(24,1000000,'2018-09-19','chelopet',1,42,1,'Napoli',15000000,8),(25,18000000,'2019-04-08','DTValencia',1,42,2,'Valencia',18000000,12),(26,12000000,'2019-04-08','zavaraf',1,28,2,'Borussia Dortmund',12000000,2),(27,12000000,'2019-04-09','zavaraf',1,40,2,'Borussia Dortmund',12000000,2),(28,12000000,'2019-04-09','DTValencia',1,40,2,'Valencia',17000000,12),(29,12000000,'2019-04-09','DTValencia',1,28,2,'Valencia',18000000,12),(30,12000000,'2019-04-10','zavaraf',1,41,2,'Borussia Dortmund',12000000,2),(31,12000000,'2019-04-25','zavaraf',1,43,2,'Borussia Dortmund',12000000,2),(32,12000000,'2019-04-25','zavaraf',1,45,2,'Borussia Dortmund',12000000,2),(33,12000000,'2019-04-25','rafazava',1,45,2,'Napoli',17000000,8),(34,17000000,'2019-04-25','zavaraf',1,45,2,'Borussia Dortmund',23000000,2),(35,23000000,'2019-04-25','rafazava',1,45,2,'Napoli',28000000,8),(36,12000000,'2019-04-25','cheloMX',1,47,2,'Arsenal',12000000,10),(37,15000000,'2019-05-02','zavaraf',1,60,2,'Borussia Dortmund',15000000,2),(38,12000000,'2019-11-15','zavaraf',1,27,5,'Borussia Dortmund',12000000,2);
/*!40000 ALTER TABLE `historicodraft` ENABLE KEYS */;
UNLOCK TABLES;

--
-- Dumping data for table `imagenesjornadas`
--

LOCK TABLES `imagenesjornadas` WRITE;
/*!40000 ALTER TABLE `imagenesjornadas` DISABLE KEYS */;
INSERT INTO `imagenesjornadas` VALUES (10,5464,330,'https://i.imgur.com/q5CZFyF.jpg'),(11,5464,330,'https://i.imgur.com/HVkOvWL.jpg');
/*!40000 ALTER TABLE `imagenesjornadas` ENABLE KEYS */;
UNLOCK TABLES;

--
-- Dumping data for table `jornadas`
--

LOCK TABLES `jornadas` WRITE;
/*!40000 ALTER TABLE `jornadas` DISABLE KEYS */;
INSERT INTO `jornadas` VALUES (330,5,1,1,1,1),(331,5,1,2,1,1),(332,5,1,3,1,1),(333,5,1,4,1,1),(334,5,1,5,1,1),(335,5,1,6,1,1),(336,5,1,7,1,1),(337,5,1,8,1,1),(338,5,1,9,1,1),(339,5,1,10,1,0),(340,5,1,11,1,0),(341,5,1,12,1,0),(342,5,1,13,1,0),(343,5,1,14,1,0),(344,5,1,15,1,0),(345,5,1,16,1,0),(346,5,1,17,1,0),(349,5,2,1,1,1),(350,5,2,2,1,1),(351,5,2,3,1,1),(352,5,2,4,1,1),(353,5,2,5,1,1),(354,5,2,6,1,1),(355,5,2,7,1,1),(356,5,2,8,1,1),(357,5,2,9,1,1),(358,5,2,10,1,0),(359,5,2,11,1,0),(360,5,2,12,1,0),(361,5,2,13,1,0);
/*!40000 ALTER TABLE `jornadas` ENABLE KEYS */;
UNLOCK TABLES;

--
-- Dumping data for table `jornadas_has_equipos`
--

LOCK TABLES `jornadas_has_equipos` WRITE;
/*!40000 ALTER TABLE `jornadas_has_equipos` DISABLE KEYS */;
INSERT INTO `jornadas_has_equipos` VALUES (5464,330,29,4,0,2),(5465,330,28,10,0,3),(5466,330,27,13,2,0),(5467,330,26,15,1,0),(5468,330,25,16,0,2),(5469,330,24,17,0,2),(5470,330,23,18,0,3),(5471,330,22,19,1,1),(5472,330,21,20,1,2),(5473,331,28,4,0,2),(5474,331,27,29,2,0),(5475,331,26,10,0,1),(5476,331,25,13,2,0),(5477,331,24,15,0,2),(5478,331,23,16,0,2),(5479,331,22,17,0,4),(5480,331,21,18,2,5),(5481,331,20,19,4,0),(5482,332,27,4,NULL,NULL),(5483,332,26,28,NULL,NULL),(5484,332,25,29,NULL,NULL),(5485,332,24,10,NULL,NULL),(5486,332,23,13,NULL,NULL),(5487,332,22,15,NULL,NULL),(5488,332,21,16,NULL,NULL),(5489,332,20,17,NULL,NULL),(5490,332,19,18,NULL,NULL),(5491,333,26,4,NULL,NULL),(5492,333,25,27,NULL,NULL),(5493,333,24,28,NULL,NULL),(5494,333,23,29,NULL,NULL),(5495,333,22,10,NULL,NULL),(5496,333,21,13,NULL,NULL),(5497,333,20,15,NULL,NULL),(5498,333,19,16,NULL,NULL),(5499,333,18,17,NULL,NULL),(5500,334,25,4,NULL,NULL),(5501,334,24,26,NULL,NULL),(5502,334,23,27,NULL,NULL),(5503,334,22,28,NULL,NULL),(5504,334,21,29,NULL,NULL),(5505,334,20,10,NULL,NULL),(5506,334,19,13,NULL,NULL),(5507,334,18,15,NULL,NULL),(5508,334,17,16,NULL,NULL),(5509,335,24,4,NULL,NULL),(5510,335,23,25,NULL,NULL),(5511,335,22,26,NULL,NULL),(5512,335,21,27,NULL,NULL),(5513,335,20,28,NULL,NULL),(5514,335,19,29,NULL,NULL),(5515,335,18,10,NULL,NULL),(5516,335,17,13,NULL,NULL),(5517,335,16,15,NULL,NULL),(5518,336,23,4,NULL,NULL),(5519,336,22,24,NULL,NULL),(5520,336,21,25,NULL,NULL),(5521,336,20,26,NULL,NULL),(5522,336,19,27,NULL,NULL),(5523,336,18,28,NULL,NULL),(5524,336,17,29,NULL,NULL),(5525,336,16,10,NULL,NULL),(5526,336,15,13,NULL,NULL),(5527,337,22,4,NULL,NULL),(5528,337,21,23,NULL,NULL),(5529,337,20,24,NULL,NULL),(5530,337,19,25,NULL,NULL),(5531,337,18,26,NULL,NULL),(5532,337,17,27,NULL,NULL),(5533,337,16,28,NULL,NULL),(5534,337,15,29,NULL,NULL),(5535,337,13,10,NULL,NULL),(5536,338,21,4,NULL,NULL),(5537,338,20,22,NULL,NULL),(5538,338,19,23,NULL,NULL),(5539,338,18,24,NULL,NULL),(5540,338,17,25,NULL,NULL),(5541,338,16,26,NULL,NULL),(5542,338,15,27,NULL,NULL),(5543,338,13,28,NULL,NULL),(5544,338,10,29,NULL,NULL),(5545,339,20,4,NULL,NULL),(5546,339,19,21,NULL,NULL),(5547,339,18,22,NULL,NULL),(5548,339,17,23,NULL,NULL),(5549,339,16,24,NULL,NULL),(5550,339,15,25,NULL,NULL),(5551,339,13,26,NULL,NULL),(5552,339,10,27,NULL,NULL),(5553,339,29,28,NULL,NULL),(5554,340,19,4,NULL,NULL),(5555,340,18,20,NULL,NULL),(5556,340,17,21,NULL,NULL),(5557,340,16,22,NULL,NULL),(5558,340,15,23,NULL,NULL),(5559,340,13,24,NULL,NULL),(5560,340,10,25,NULL,NULL),(5561,340,29,26,NULL,NULL),(5562,340,28,27,NULL,NULL),(5563,341,18,4,NULL,NULL),(5564,341,17,19,NULL,NULL),(5565,341,16,20,NULL,NULL),(5566,341,15,21,NULL,NULL),(5567,341,13,22,NULL,NULL),(5568,341,10,23,NULL,NULL),(5569,341,29,24,NULL,NULL),(5570,341,28,25,NULL,NULL),(5571,341,27,26,NULL,NULL),(5572,342,17,4,NULL,NULL),(5573,342,16,18,NULL,NULL),(5574,342,15,19,NULL,NULL),(5575,342,13,20,NULL,NULL),(5576,342,10,21,NULL,NULL),(5577,342,29,22,NULL,NULL),(5578,342,28,23,NULL,NULL),(5579,342,27,24,NULL,NULL),(5580,342,26,25,NULL,NULL),(5581,343,16,4,NULL,NULL),(5582,343,15,17,NULL,NULL),(5583,343,13,18,NULL,NULL),(5584,343,10,19,NULL,NULL),(5585,343,29,20,NULL,NULL),(5586,343,28,21,NULL,NULL),(5587,343,27,22,NULL,NULL),(5588,343,26,23,NULL,NULL),(5589,343,25,24,NULL,NULL),(5590,344,15,4,NULL,NULL),(5591,344,13,16,NULL,NULL),(5592,344,10,17,NULL,NULL),(5593,344,29,18,NULL,NULL),(5594,344,28,19,NULL,NULL),(5595,344,27,20,NULL,NULL),(5596,344,26,21,NULL,NULL),(5597,344,25,22,NULL,NULL),(5598,344,24,23,NULL,NULL),(5599,345,13,4,NULL,NULL),(5600,345,10,15,NULL,NULL),(5601,345,29,16,NULL,NULL),(5602,345,28,17,NULL,NULL),(5603,345,27,18,NULL,NULL),(5604,345,26,19,NULL,NULL),(5605,345,25,20,NULL,NULL),(5606,345,24,21,NULL,NULL),(5607,345,23,22,NULL,NULL),(5608,346,10,4,NULL,NULL),(5609,346,29,13,NULL,NULL),(5610,346,28,15,NULL,NULL),(5611,346,27,16,NULL,NULL),(5612,346,26,17,NULL,NULL),(5613,346,25,18,NULL,NULL),(5614,346,24,19,NULL,NULL),(5615,346,23,20,NULL,NULL),(5616,346,22,21,NULL,NULL),(5631,349,37,2,NULL,NULL),(5632,349,36,8,NULL,NULL),(5633,349,35,9,NULL,NULL),(5634,349,34,11,NULL,NULL),(5635,349,33,12,NULL,NULL),(5636,349,32,14,NULL,NULL),(5637,349,31,30,NULL,NULL),(5638,350,36,2,NULL,NULL),(5639,350,35,37,NULL,NULL),(5640,350,34,8,NULL,NULL),(5641,350,33,9,NULL,NULL),(5642,350,32,11,NULL,NULL),(5643,350,31,12,NULL,NULL),(5644,350,30,14,NULL,NULL),(5645,351,35,2,NULL,NULL),(5646,351,34,36,NULL,NULL),(5647,351,33,37,NULL,NULL),(5648,351,32,8,NULL,NULL),(5649,351,31,9,NULL,NULL),(5650,351,30,11,NULL,NULL),(5651,351,14,12,NULL,NULL),(5652,352,34,2,NULL,NULL),(5653,352,33,35,NULL,NULL),(5654,352,32,36,NULL,NULL),(5655,352,31,37,NULL,NULL),(5656,352,30,8,NULL,NULL),(5657,352,14,9,NULL,NULL),(5658,352,12,11,NULL,NULL),(5659,353,33,2,NULL,NULL),(5660,353,32,34,NULL,NULL),(5661,353,31,35,NULL,NULL),(5662,353,30,36,NULL,NULL),(5663,353,14,37,NULL,NULL),(5664,353,12,8,NULL,NULL),(5665,353,11,9,NULL,NULL),(5666,354,32,2,NULL,NULL),(5667,354,31,33,NULL,NULL),(5668,354,30,34,NULL,NULL),(5669,354,14,35,NULL,NULL),(5670,354,12,36,NULL,NULL),(5671,354,11,37,NULL,NULL),(5672,354,9,8,NULL,NULL),(5673,355,31,2,NULL,NULL),(5674,355,30,32,NULL,NULL),(5675,355,14,33,NULL,NULL),(5676,355,12,34,NULL,NULL),(5677,355,11,35,NULL,NULL),(5678,355,9,36,NULL,NULL),(5679,355,8,37,NULL,NULL),(5680,356,30,2,NULL,NULL),(5681,356,14,31,NULL,NULL),(5682,356,12,32,NULL,NULL),(5683,356,11,33,NULL,NULL),(5684,356,9,34,NULL,NULL),(5685,356,8,35,NULL,NULL),(5686,356,37,36,NULL,NULL),(5687,357,14,2,NULL,NULL),(5688,357,12,30,NULL,NULL),(5689,357,11,31,NULL,NULL),(5690,357,9,32,NULL,NULL),(5691,357,8,33,NULL,NULL),(5692,357,37,34,NULL,NULL),(5693,357,36,35,NULL,NULL),(5694,358,12,2,NULL,NULL),(5695,358,11,14,NULL,NULL),(5696,358,9,30,NULL,NULL),(5697,358,8,31,NULL,NULL),(5698,358,37,32,NULL,NULL),(5699,358,36,33,NULL,NULL),(5700,358,35,34,NULL,NULL),(5701,359,11,2,NULL,NULL),(5702,359,9,12,NULL,NULL),(5703,359,8,14,NULL,NULL),(5704,359,37,30,NULL,NULL),(5705,359,36,31,NULL,NULL),(5706,359,35,32,NULL,NULL),(5707,359,34,33,NULL,NULL),(5708,360,9,2,NULL,NULL),(5709,360,8,11,NULL,NULL),(5710,360,37,12,NULL,NULL),(5711,360,36,14,NULL,NULL),(5712,360,35,30,NULL,NULL),(5713,360,34,31,NULL,NULL),(5714,360,33,32,NULL,NULL),(5715,361,8,2,NULL,NULL),(5716,361,37,9,NULL,NULL),(5717,361,36,11,NULL,NULL),(5718,361,35,12,NULL,NULL),(5719,361,34,14,NULL,NULL),(5720,361,33,30,NULL,NULL),(5721,361,32,31,NULL,NULL);
/*!40000 ALTER TABLE `jornadas_has_equipos` ENABLE KEYS */;
UNLOCK TABLES;

--
-- Dumping data for table `liga`
--

LOCK TABLES `liga` WRITE;
/*!40000 ALTER TABLE `liga` DISABLE KEYS */;
INSERT INTO `liga` VALUES (1,'Liga Mundial Fifa xGamers','Liga Mundial Fifa xGamers');
/*!40000 ALTER TABLE `liga` ENABLE KEYS */;
UNLOCK TABLES;

--
-- Dumping data for table `persona`
--

LOCK TABLES `persona` WRITE;
/*!40000 ALTER TABLE `persona` DISABLE KEYS */;
INSERT INTO `persona` VALUES (11,NULL,NULL,NULL,'Bernard Anício Caldeira Duarte','Bernard',NULL,80,0,10,'1',NULL,'1',NULL),(12,NULL,NULL,NULL,'S. Mandanda','S. Mandanda',NULL,82,0,1,'1',NULL,NULL,NULL),(13,NULL,NULL,NULL,'Verratti','Verratti',NULL,89,0,8,'1',NULL,'1',NULL),(14,NULL,NULL,NULL,'Insigne','Insigne',NULL,90,0,8,'1',NULL,'1',NULL),(15,NULL,NULL,NULL,'Carlos Vela','C. Vela',NULL,80,0,10,'1',NULL,'0',NULL),(16,NULL,NULL,NULL,'David Luiz','D. Luiz',NULL,83,0,2,'1',NULL,'0',NULL),(17,NULL,NULL,NULL,'Murillo','Murillo',NULL,80,0,8,'1',NULL,NULL,NULL),(18,NULL,NULL,NULL,'Montoya','Montoya',NULL,78,0,1,'1',NULL,NULL,NULL),(19,NULL,NULL,NULL,'Jeison Murillo','J. Murillo',NULL,80,0,1,'1',NULL,NULL,NULL),(20,NULL,NULL,NULL,'Ben Davies','B. Davies',NULL,80,0,2,'1',NULL,'0',NULL),(21,NULL,NULL,NULL,'Morgan Sanson','M. Sanson',NULL,80,0,2,'1',NULL,NULL,NULL),(22,NULL,NULL,NULL,'Borja Valero','Borja Valero',NULL,82,0,10,'1',NULL,'0',NULL),(23,NULL,NULL,NULL,'Florian Thauvin','F. Thauvin',NULL,85,0,2,'1',NULL,'0',NULL),(24,NULL,NULL,NULL,'Yacine Brahimi','Y. Brahimi',NULL,84,0,2,'1',NULL,NULL,NULL),(25,NULL,NULL,NULL,'Bruno Fernandes','Bruno Fernandes',NULL,85,0,2,'1',NULL,NULL,NULL),(26,NULL,NULL,NULL,'Iago Aspas','Iago Aspas',NULL,84,0,2,'1',NULL,NULL,NULL),(27,NULL,NULL,NULL,'Bartłomiej Drągowski','B. Drągowski',NULL,71,0,1,'1',NULL,NULL,NULL),(28,NULL,NULL,NULL,'Domilson Cordeiro dos Santos','Dodô',NULL,71,0,12,'1',NULL,NULL,NULL),(29,NULL,NULL,NULL,'Nathan Aké','N. Aké',NULL,80,0,2,'1',NULL,'0',NULL),(30,NULL,NULL,NULL,'Joe Gomez','J. Gomez',NULL,78,0,2,'1',NULL,NULL,NULL),(31,NULL,NULL,NULL,'Davy Klaassen','D. Klaassen',NULL,80,0,1,'1',NULL,'0',NULL),(32,NULL,NULL,NULL,'Ibrahima Traoré','I. Traoré',NULL,80,0,1,'1',NULL,NULL,NULL),(33,NULL,NULL,NULL,'Max Kruse','M. Kruse',NULL,83,0,2,'1',NULL,NULL,NULL),(34,NULL,NULL,NULL,'Amath Ndiaye Diedhiou','A. Ndiaye Diedhiou',NULL,76,0,2,'1',NULL,NULL,NULL),(35,NULL,NULL,NULL,'Diogo José Teixeira da Silva','Diogo Jota',NULL,78,0,2,'1',NULL,NULL,NULL),(36,NULL,NULL,NULL,'Ferrán Torres','Ferrán Torres',NULL,74,0,2,'1',NULL,NULL,NULL),(37,NULL,NULL,NULL,'Reiss Nelson','R. Nelson',NULL,72,0,2,'1',NULL,NULL,NULL),(38,NULL,NULL,NULL,'Mohamed Elyounoussi','M. Elyounoussi',NULL,78,0,1,'1',NULL,NULL,NULL),(39,NULL,NULL,NULL,'Han Kwang Song','Kwang Song Han',NULL,68,0,1,'1',NULL,NULL,NULL),(40,NULL,NULL,NULL,'Gilberto Aparecido da Silva','Gilberto Silva',NULL,73,0,12,'1',NULL,NULL,NULL),(41,NULL,NULL,NULL,'Fabio Quagliarella','F. Quagliarella',NULL,80,0,2,'1',NULL,NULL,NULL),(42,NULL,NULL,NULL,'Arthur Henrique Ramos Oliveira Melo','Arthur',NULL,82,0,12,'1',NULL,NULL,NULL),(43,NULL,NULL,NULL,'Vinícius José de Oliveira Júnior','Vinícius Júnior',NULL,76,0,2,'1',NULL,NULL,NULL),(44,NULL,NULL,NULL,'Nabil Fekir','N. Fekir',NULL,84,0,8,'1',NULL,NULL,NULL),(45,NULL,NULL,NULL,'João Félix Sequeira','João Félix',NULL,77,0,2,'1',NULL,NULL,NULL),(46,NULL,NULL,NULL,'Luka Jović','L. Jović',NULL,81,0,1,'1',NULL,NULL,NULL),(47,NULL,NULL,NULL,'Florentino Morris Luís','Florentino',NULL,74,0,1,'1',NULL,NULL,NULL),(48,NULL,NULL,NULL,'Nicolas Pépé','N. Pépé',NULL,81,0,1,'1',NULL,NULL,NULL),(49,NULL,NULL,NULL,'Callum Hudson-Odoi','C. Hudson-Odoi',NULL,71,0,1,'1',NULL,NULL,NULL),(50,NULL,NULL,NULL,'Wesley Moraes Ferreira da Silva','Wesley',NULL,78,0,1,'1',NULL,NULL,NULL),(51,NULL,NULL,NULL,'Yann Sommer','Y. Sommer',NULL,84,0,2,'1',NULL,NULL,NULL),(52,NULL,NULL,NULL,'Achraf Hakimi Mouh','A. Hakimi',NULL,78,0,2,'1',NULL,NULL,NULL),(53,NULL,NULL,NULL,'Marko Grujić','M. Grujić',NULL,76,0,2,'1',NULL,NULL,NULL),(54,NULL,NULL,NULL,'Luka Jović','L. Jović',NULL,82,0,2,'1',NULL,NULL,NULL),(55,NULL,NULL,NULL,'Emil Audero','E. Audero',NULL,76,0,2,'1',NULL,NULL,NULL),(56,NULL,NULL,NULL,'Alessandro Bastoni','A. Bastoni',NULL,69,0,2,'1',NULL,NULL,NULL),(57,NULL,NULL,NULL,'Arne Maier','A. Maier',NULL,75,0,2,'1',NULL,NULL,NULL),(58,NULL,NULL,NULL,'Mahmoud Dahoud','M. Dahoud',NULL,80,0,2,'1',NULL,NULL,NULL),(59,NULL,NULL,NULL,'Ezequiel Barco','E. Barco',NULL,73,0,2,'1',NULL,NULL,NULL),(60,NULL,NULL,NULL,'Marco Parolo','M. Parolo',NULL,82,0,2,'1',NULL,NULL,NULL),(61,NULL,NULL,NULL,'KEPA','KEPA',NULL,84,NULL,13,'1',NULL,NULL,NULL),(62,NULL,NULL,NULL,'M. MAIGNAN','M. MAIGNAN',NULL,78,NULL,13,'1',NULL,NULL,NULL),(63,NULL,NULL,NULL,'A. WAN-BISSAKA','A. WAN-BISSAKA',NULL,76,NULL,13,'1',NULL,NULL,NULL),(64,NULL,NULL,NULL,'S. ROBERTO','S. ROBERTO',NULL,83,NULL,13,'1',NULL,NULL,NULL),(65,NULL,NULL,NULL,'A. MANDI','A. MANDI',NULL,80,NULL,13,'1',NULL,NULL,NULL),(66,NULL,NULL,NULL,'F. BALBUENA','F. BALBUENA',NULL,80,NULL,13,'1',NULL,NULL,NULL),(67,NULL,NULL,NULL,'J. BEDNAREK','J. BEDNAREK',NULL,75,NULL,13,'1',NULL,NULL,NULL),(68,NULL,NULL,NULL,'J. GIMÉNEZ','J. GIMÉNEZ',NULL,84,NULL,13,'1',NULL,NULL,NULL),(69,NULL,NULL,NULL,'SARACCHI','SARACCHI',NULL,75,NULL,13,'1',NULL,NULL,NULL),(70,NULL,NULL,NULL,'G. KONAN','G. KONAN',NULL,75,NULL,13,'1',NULL,NULL,NULL),(71,NULL,NULL,NULL,'ALLAN','ALLAN',NULL,84,NULL,13,'1',NULL,NULL,NULL),(72,NULL,NULL,NULL,'P. FODEN','P. FODEN',NULL,75,NULL,13,'1',NULL,NULL,NULL),(73,NULL,NULL,NULL,'M. GUENDOUZI','M. GUENDOUZI',NULL,72,NULL,13,'1',NULL,NULL,NULL),(74,NULL,NULL,NULL,'BRUMA','BRUMA',NULL,78,NULL,13,'1',NULL,NULL,NULL),(75,NULL,NULL,NULL,'A. SAITN-MAXIMIN','A. SAITN-MAXIMIN',NULL,79,NULL,13,'1',NULL,NULL,NULL),(76,NULL,NULL,NULL,'D. COSTA','D. COSTA',NULL,85,NULL,13,'1',NULL,NULL,NULL),(77,NULL,NULL,NULL,'A. DOUCOURÉ','A. DOUCOURÉ',NULL,81,NULL,13,'1',NULL,NULL,NULL),(78,NULL,NULL,NULL,'M. ÖZIL','M. ÖZIL',NULL,85,NULL,13,'1',NULL,NULL,NULL),(79,NULL,NULL,NULL,'I. SANGARÉ','I. SANGARÉ',NULL,75,NULL,13,'1',NULL,NULL,NULL),(80,NULL,NULL,NULL,'M. VARGAS','M. VARGAS',NULL,75,NULL,13,'1',NULL,NULL,NULL),(81,NULL,NULL,NULL,'R MAHREZ','R MAHREZ',NULL,85,NULL,13,'1',NULL,NULL,NULL),(82,NULL,NULL,NULL,'M. ZARACHO','M. ZARACHO',NULL,74,NULL,13,'1',NULL,NULL,NULL),(83,NULL,NULL,NULL,'JOAO MARIO','JOAO MARIO',NULL,81,NULL,13,'1',NULL,NULL,NULL),(84,NULL,NULL,NULL,'JOELINTON','JOELINTON',NULL,76,NULL,13,'1',NULL,NULL,NULL),(85,NULL,NULL,NULL,'W. JOSÉ','W. JOSÉ',NULL,82,NULL,13,'1',NULL,NULL,NULL),(86,NULL,NULL,NULL,'DAN-AXEL ZAGADOU','DAN-AXEL ZAGADOU',NULL,82,NULL,9,'1',NULL,NULL,NULL),(87,NULL,NULL,NULL,'NICO SCHULZ','NICO SCHULZ',NULL,82,NULL,9,'1',NULL,NULL,NULL),(88,NULL,NULL,NULL,'KYLE WALKER','KYLE WALKER',NULL,82,NULL,9,'1',NULL,NULL,NULL),(89,NULL,NULL,NULL,'LAUTARO MARTINEZ','LAUTARO MARTINEZ',NULL,82,NULL,9,'1',NULL,NULL,NULL),(90,NULL,NULL,NULL,'NICOLAS PEPE','NICOLAS PEPE',NULL,82,NULL,9,'1',NULL,NULL,NULL),(91,NULL,NULL,NULL,'TANGUY NDOMBELE','TANGUY NDOMBELE',NULL,82,NULL,9,'1',NULL,NULL,NULL),(92,NULL,NULL,NULL,'H. AOUAR','H. AOUAR',NULL,82,NULL,9,'1',NULL,NULL,NULL),(93,NULL,NULL,NULL,'THILO KEHRER','THILO KEHRER',NULL,82,NULL,9,'1',NULL,NULL,NULL),(94,NULL,NULL,NULL,'DENIS ZAKARIA','DENIS ZAKARIA',NULL,82,NULL,9,'1',NULL,NULL,NULL),(95,NULL,NULL,NULL,'KAI HAVERTZ','KAI HAVERTZ',NULL,82,NULL,9,'1',NULL,NULL,NULL),(96,NULL,NULL,NULL,'ALEX MERET','ALEX MERET',NULL,82,NULL,9,'1',NULL,NULL,NULL),(97,NULL,NULL,NULL,'NICOLO BARELLA','NICOLO BARELLA',NULL,82,NULL,9,'1',NULL,NULL,NULL),(98,NULL,NULL,NULL,'JONATHAN IKONE','JONATHAN IKONE',NULL,82,NULL,9,'1',NULL,NULL,NULL),(99,NULL,NULL,NULL,'DAYOT UPAMECANO','DAYOT UPAMECANO',NULL,82,NULL,9,'1',NULL,NULL,NULL),(100,NULL,NULL,NULL,'LUCAS TOUSART','LUCAS TOUSART',NULL,82,NULL,9,'1',NULL,NULL,NULL),(101,NULL,NULL,NULL,'MARQUINHOS','MARQUINHOS',NULL,82,NULL,9,'1',NULL,NULL,NULL),(102,NULL,NULL,NULL,'MATTEO POLITANO','MATTEO POLITANO',NULL,82,NULL,9,'1',NULL,NULL,NULL),(103,NULL,NULL,NULL,'EDERSON','EDERSON',NULL,82,NULL,9,'1',NULL,NULL,NULL),(104,NULL,NULL,NULL,'JADON SANCHO','JADON SANCHO',NULL,82,NULL,9,'1',NULL,NULL,NULL),(105,NULL,NULL,NULL,'RICHARLISON DE ANDRADE','RICHARLISON DE ANDRADE',NULL,82,NULL,9,'1',NULL,NULL,NULL),(106,NULL,NULL,NULL,'BENJAMIN HENRICHS','BENJAMIN HENRICHS',NULL,82,NULL,9,'1',NULL,NULL,NULL),(107,NULL,NULL,NULL,'FERLAND MENDY','FERLAND MENDY',NULL,82,NULL,9,'1',NULL,NULL,NULL),(108,NULL,NULL,NULL,'ISMAILA SARR','ISMAILA SARR',NULL,82,NULL,9,'1',NULL,NULL,NULL),(109,NULL,NULL,NULL,'GABRIEL JESUS','GABRIEL JESUS',NULL,82,NULL,9,'1',NULL,NULL,NULL),(110,NULL,NULL,NULL,'BOUBAKARY SOUMARE','BOUBAKARY SOUMARE',NULL,82,NULL,9,'1',NULL,NULL,NULL),(111,NULL,NULL,NULL,'H. LLORIS','H. LLORIS',NULL,88,NULL,14,'1',NULL,NULL,NULL),(112,NULL,NULL,NULL,'K. CASTEELS','K. CASTEELS',NULL,83,NULL,14,'1',NULL,NULL,NULL),(113,NULL,NULL,NULL,'L. PERRIN','L. PERRIN',NULL,80,NULL,14,'1',NULL,NULL,NULL),(114,NULL,NULL,NULL,'AZPILICUETA','AZPILICUETA',NULL,85,NULL,14,'1',NULL,NULL,NULL),(115,NULL,NULL,NULL,'J. DENAYER','J. DENAYER',NULL,79,NULL,14,'1',NULL,NULL,NULL),(116,NULL,NULL,NULL,'M. NASTASIĆ','M. NASTASIĆ',NULL,80,NULL,14,'1',NULL,NULL,NULL),(117,NULL,NULL,NULL,'GAYÀ','GAYÀ',NULL,80,NULL,14,'1',NULL,NULL,NULL),(118,NULL,NULL,NULL,'F. FABRA','F. FABRA',NULL,77,NULL,14,'1',NULL,NULL,NULL),(119,NULL,NULL,NULL,'L. ADVINCULA','L. ADVINCULA',NULL,74,NULL,14,'1',NULL,NULL,NULL),(120,NULL,NULL,NULL,'M. ÇELIK','M. ÇELIK',NULL,75,NULL,14,'1',NULL,NULL,NULL),(121,NULL,NULL,NULL,'S. BERGE','S. BERGE',NULL,78,NULL,14,'1',NULL,NULL,NULL),(122,NULL,NULL,NULL,'THIAGO MENDES','THIAGO MENDES',NULL,79,NULL,14,'1',NULL,NULL,NULL),(123,NULL,NULL,NULL,'J. LERMA','J. LERMA',NULL,79,NULL,14,'1',NULL,NULL,NULL),(124,NULL,NULL,NULL,'M. KOVAČIĆ','M. KOVAČIĆ',NULL,83,NULL,14,'1',NULL,NULL,NULL),(125,NULL,NULL,NULL,'L. TROSSARD','L. TROSSARD',NULL,79,NULL,14,'1',NULL,NULL,NULL),(126,NULL,NULL,NULL,'J. FARFAN','J. FARFAN',NULL,77,NULL,14,'1',NULL,NULL,NULL),(127,NULL,NULL,NULL,'G. MARTINEZ','G. MARTINEZ',NULL,79,NULL,14,'1',NULL,NULL,NULL),(128,NULL,NULL,NULL,'J. QUINTERO','J. QUINTERO',NULL,80,NULL,14,'1',NULL,NULL,NULL),(129,NULL,NULL,NULL,'L. BAILEY','L. BAILEY',NULL,81,NULL,14,'1',NULL,NULL,NULL),(130,NULL,NULL,NULL,'D. TADIĆ','D. TADIĆ',NULL,83,NULL,14,'1',NULL,NULL,NULL),(131,NULL,NULL,NULL,'SANTI MINA','SANTI MINA',NULL,80,NULL,14,'1',NULL,NULL,NULL),(132,NULL,NULL,NULL,'F. CHIESA','F. CHIESA',NULL,79,NULL,14,'1',NULL,NULL,NULL),(133,NULL,NULL,NULL,'RODRIGO','RODRIGO',NULL,83,NULL,14,'1',NULL,NULL,NULL),(134,NULL,NULL,NULL,'ANDRÉ SILVA','ANDRÉ SILVA',NULL,80,NULL,14,'1',NULL,NULL,NULL),(135,NULL,NULL,NULL,'W. ZAHA','W. ZAHA',NULL,82,NULL,14,'1',NULL,NULL,NULL),(136,NULL,NULL,NULL,'NETO','NETO',NULL,84,NULL,4,'1',NULL,NULL,'https://sofifa.com/player/194404/norberto-murara-neto/19/159481/'),(137,NULL,NULL,NULL,'ALESSIO CRAGNO','ALESSIO CRAGNO',NULL,79,NULL,4,'1',NULL,NULL,NULL),(138,NULL,NULL,NULL,'DAVIDE CALABRIA','DAVIDE CALABRIA',NULL,78,NULL,4,'1',NULL,NULL,NULL),(139,NULL,NULL,NULL,'KALIDOU KOULIBALY','KALIDOU KOULIBALY',NULL,88,NULL,4,'1',NULL,NULL,'https://sofifa.com/player/201024/kalidou-koulibaly/19/159481/'),(140,NULL,NULL,NULL,'ALESSIO ROMAGNOLI','ALESSIO ROMAGNOLI',NULL,83,NULL,4,'1',NULL,NULL,NULL),(141,NULL,NULL,NULL,'OMAR COLLEY','OMAR COLLEY',NULL,77,NULL,4,'1',NULL,NULL,NULL),(142,NULL,NULL,NULL,'YOUCEF ATAL','YOUCEF ATAL',NULL,76,NULL,4,'1',NULL,NULL,NULL),(143,NULL,NULL,NULL,'BEN CHILWELL','BEN CHILWELL',NULL,78,NULL,4,'1',NULL,NULL,NULL),(144,NULL,NULL,NULL,'MATTIA CALDARA','MATTIA CALDARA',NULL,80,NULL,4,'1',NULL,NULL,NULL),(145,NULL,NULL,NULL,'BOUBAKAR KAMARA','BOUBAKAR KAMARA',NULL,74,NULL,4,'1',NULL,NULL,NULL),(146,NULL,NULL,NULL,'DANILO PEREIRA','DANILO PEREIRA',NULL,83,NULL,4,'1',NULL,NULL,NULL),(147,NULL,NULL,NULL,'NABIL FEKIR','NABIL FEKIR',NULL,84,NULL,4,'1',NULL,NULL,'https://sofifa.com/player/216594/nabil-fekir/19/159481/'),(148,NULL,NULL,NULL,'FRENKIE DE JONG','FRENKIE DE JONG',NULL,83,NULL,4,'1',NULL,NULL,NULL),(149,NULL,NULL,NULL,'ANDER HERRERA','ANDER HERRERA',NULL,82,NULL,4,'1',NULL,NULL,NULL),(150,NULL,NULL,NULL,'LUCAS PAQUETÁ','LUCAS PAQUETÁ',NULL,79,NULL,4,'1',NULL,NULL,NULL),(151,NULL,NULL,NULL,'FLORENTINO LUÍS','FLORENTINO LUÍS',NULL,75,NULL,4,'1',NULL,NULL,NULL),(152,NULL,NULL,NULL,'HARRY WILSON','HARRY WILSON',NULL,74,NULL,4,'1',NULL,NULL,NULL),(153,NULL,NULL,NULL,'GERARD DEULOFEU','GERARD DEULOFEU',NULL,80,NULL,4,'1',NULL,NULL,NULL),(154,NULL,NULL,NULL,'JOSEF MARTÍNEZ','JOSEF MARTÍNEZ',NULL,82,NULL,4,'1',NULL,NULL,NULL),(155,NULL,NULL,NULL,'ANDREA BELOTTI','ANDREA BELOTTI',NULL,82,NULL,4,'1',NULL,NULL,NULL),(156,NULL,NULL,NULL,'DAVID NERES','DAVID NERES',NULL,80,NULL,4,'1',NULL,NULL,NULL),(157,NULL,NULL,NULL,'ANTE REBIC','ANTE REBIC',NULL,80,NULL,4,'1',NULL,NULL,NULL),(158,NULL,NULL,NULL,'KRZYSZTOF PIATEK','KRZYSZTOF PIATEK',NULL,79,NULL,4,'1',NULL,NULL,NULL),(159,NULL,NULL,NULL,'SAMIR HANDANOVIČ','SAMIR HANDANOVIČ',NULL,82,NULL,11,'1',NULL,NULL,NULL),(160,NULL,NULL,NULL,'ALBA LAFONT','ALBA LAFONT',NULL,82,NULL,11,'1',NULL,NULL,NULL),(161,NULL,NULL,NULL,'THIAGO SILVA','THIAGO SILVA',NULL,82,NULL,11,'1',NULL,NULL,NULL),(162,NULL,NULL,NULL,'JONATHAN TAH','JONATHAN TAH',NULL,82,NULL,11,'1',NULL,NULL,NULL),(163,NULL,NULL,NULL,'NATHANIEL CLYNE','NATHANIEL CLYNE',NULL,82,NULL,11,'1',NULL,NULL,NULL),(164,NULL,NULL,NULL,'JOSÉ DIOGO DALOT TEIXEIRA','JOSÉ DIOGO DALOT TEIXEIRA',NULL,82,NULL,11,'1',NULL,NULL,NULL),(165,NULL,NULL,NULL,'ISSA DIOP','ISSA DIOP',NULL,82,NULL,11,'1',NULL,NULL,NULL),(166,NULL,NULL,NULL,'NIKOLA MILENKOVIC','NIKOLA MILENKOVIC',NULL,82,NULL,11,'1',NULL,NULL,NULL),(167,NULL,NULL,NULL,'DIOGO FILIPE MONTEIRO PINTO LEITE','DIOGO FILIPE MONTEIRO PINTO LEITE',NULL,82,NULL,11,'1',NULL,NULL,NULL),(168,NULL,NULL,NULL,'WILLIAM SALIBA','WILLIAM SALIBA',NULL,82,NULL,11,'1',NULL,NULL,NULL),(169,NULL,NULL,NULL,'GIVANILDO VIEIRA DE SOUZA','GIVANILDO VIEIRA DE SOUZA',NULL,82,NULL,11,'1',NULL,NULL,NULL),(170,NULL,NULL,NULL,'MARCOS ACUÑA','MARCOS ACUÑA',NULL,82,NULL,11,'1',NULL,NULL,NULL),(171,NULL,NULL,NULL,'BEN WOODBURN','BEN WOODBURN',NULL,82,NULL,11,'1',NULL,NULL,NULL),(172,NULL,NULL,NULL,'NAHITAN NÁNDEZ','NAHITAN NÁNDEZ',NULL,82,NULL,11,'1',NULL,NULL,NULL),(173,NULL,NULL,NULL,'MARCUS WENDELL VALLE DA SILVA','MARCUS WENDELL VALLE DA SILVA',NULL,82,NULL,11,'1',NULL,NULL,NULL),(174,NULL,NULL,NULL,'GIOVANI LO CELSO','GIOVANI LO CELSO',NULL,82,NULL,11,'1',NULL,NULL,NULL),(175,NULL,NULL,NULL,'LORENZO PELLEGRINI','LORENZO PELLEGRINI',NULL,82,NULL,11,'1',NULL,NULL,NULL),(176,NULL,NULL,NULL,'OLIVER SKIPP','OLIVER SKIPP',NULL,82,NULL,11,'1',NULL,NULL,NULL),(177,NULL,NULL,NULL,'ANDRÉS INIESTA','ANDRÉS INIESTA',NULL,82,NULL,11,'1',NULL,NULL,NULL),(178,NULL,NULL,NULL,'RAFAEL ALEXANDRE FERNANDES FERREIRA DA SILVA','RAFAEL ALEXANDRE FERNANDES FERREIRA DA SILVA',NULL,82,NULL,11,'1',NULL,NULL,NULL),(179,NULL,NULL,NULL,'MARIO BALOTELLI','MARIO BALOTELLI',NULL,82,NULL,11,'1',NULL,NULL,NULL),(180,NULL,NULL,NULL,'PATRIK SCHICK','PATRIK SCHICK',NULL,82,NULL,11,'1',NULL,NULL,NULL),(181,NULL,NULL,NULL,'GIOVANNI SIMEONE','GIOVANNI SIMEONE',NULL,82,NULL,11,'1',NULL,NULL,NULL),(182,NULL,NULL,NULL,'SAMUEL CHUKWUEZE','SAMUEL CHUKWUEZE',NULL,82,NULL,11,'1',NULL,NULL,NULL),(183,NULL,NULL,NULL,'CALVIN STENGS','CALVIN STENGS',NULL,82,NULL,11,'1',NULL,NULL,NULL),(184,NULL,NULL,NULL,'MATTIA PERIN','MATTIA PERIN',NULL,84,NULL,15,'1',NULL,NULL,NULL),(185,NULL,NULL,NULL,'ALESSANDRO PLIZZARI','ALESSANDRO PLIZZARI',NULL,84,NULL,15,'1',NULL,NULL,NULL),(186,NULL,NULL,NULL,'K. TETE','K. TETE',NULL,84,NULL,15,'1',NULL,NULL,NULL),(187,NULL,NULL,NULL,'PHILIPPE SANDLER','PHILIPPE SANDLER',NULL,84,NULL,15,'1',NULL,NULL,NULL),(188,NULL,NULL,NULL,'JOHN STONES','JOHN STONES',NULL,84,NULL,15,'1',NULL,NULL,NULL),(189,NULL,NULL,NULL,'PRENSEL KIMPEMBE','PRENSEL KIMPEMBE',NULL,84,NULL,15,'1',NULL,NULL,NULL),(190,NULL,NULL,NULL,'EVAN NDICKA','EVAN NDICKA',NULL,84,NULL,15,'1',NULL,NULL,NULL),(191,NULL,NULL,NULL,'MARCEL HALSTENBERG','MARCEL HALSTENBERG',NULL,84,NULL,15,'1',NULL,NULL,NULL),(192,NULL,NULL,NULL,'TYRELL MALACIA','TYRELL MALACIA',NULL,84,NULL,15,'1',NULL,NULL,NULL),(193,NULL,NULL,NULL,'GARETH BALE','GARETH BALE',NULL,84,NULL,15,'1',NULL,NULL,NULL),(194,NULL,NULL,NULL,'DONNY VAN DE BEEK','DONNY VAN DE BEEK',NULL,84,NULL,15,'1',NULL,NULL,NULL),(195,NULL,NULL,NULL,'MIRALEM PJANIC','MIRALEM PJANIC',NULL,84,NULL,15,'1',NULL,NULL,NULL),(196,NULL,NULL,NULL,'FABIÁN PEÑA','FABIÁN PEÑA',NULL,84,NULL,15,'1',NULL,NULL,NULL),(197,NULL,NULL,NULL,'MASON MOUNT','MASON MOUNT',NULL,84,NULL,15,'1',NULL,NULL,NULL),(198,NULL,NULL,NULL,'G. XHACA','G. XHACA',NULL,84,NULL,15,'1',NULL,NULL,NULL),(199,NULL,NULL,NULL,'FEDERICO VALVERDE','FEDERICO VALVERDE',NULL,84,NULL,15,'1',NULL,NULL,NULL),(200,NULL,NULL,NULL,'DIMITRI PAYET','DIMITRI PAYET',NULL,84,NULL,15,'1',NULL,NULL,NULL),(201,NULL,NULL,NULL,'CENGIZ ÜNDER','CENGIZ ÜNDER',NULL,84,NULL,15,'1',NULL,NULL,NULL),(202,NULL,NULL,NULL,'JAVAIRÔ DILROSUN','JAVAIRÔ DILROSUN',NULL,84,NULL,15,'1',NULL,NULL,NULL),(203,NULL,NULL,NULL,'GEDSON CARVALHO','GEDSON CARVALHO',NULL,84,NULL,15,'1',NULL,NULL,NULL),(204,NULL,NULL,NULL,'CRISTIANO RONALDO','CRISTIANO RONALDO',NULL,84,NULL,15,'1',NULL,NULL,NULL),(205,NULL,NULL,NULL,'B. EMBOLO','B. EMBOLO',NULL,84,NULL,15,'1',NULL,NULL,NULL),(206,NULL,NULL,NULL,'MOISE KEAN','MOISE KEAN',NULL,84,NULL,15,'1',NULL,NULL,NULL),(207,NULL,NULL,NULL,'ALASSANE PLEA','ALASSANE PLEA',NULL,84,NULL,15,'1',NULL,NULL,NULL),(208,NULL,NULL,NULL,'HUDSON - ODOI','HUDSON - ODOI',NULL,84,NULL,15,'1',NULL,NULL,NULL),(209,NULL,NULL,NULL,'AREOLA','AREOLA',NULL,81,NULL,16,'1',NULL,NULL,NULL),(210,NULL,NULL,NULL,'RUI PATRICIO','RUI PATRICIO',NULL,83,NULL,16,'1',NULL,NULL,NULL),(211,NULL,NULL,NULL,'JOÃO PEDRO CAVACO CANCELO','JOÃO PEDRO CAVACO CANCELO',NULL,83,NULL,16,'1',NULL,NULL,NULL),(212,NULL,NULL,NULL,'MAXIMILLIAN JAMES AARONS','MAXIMILLIAN JAMES AARONS',NULL,70,NULL,16,'1',NULL,NULL,NULL),(213,NULL,NULL,NULL,'ANTONIO RÜDIGER','ANTONIO RÜDIGER',NULL,82,NULL,16,'1',NULL,NULL,NULL),(214,NULL,NULL,NULL,'BENJAMIN PAVARD','BENJAMIN PAVARD',NULL,79,NULL,16,'1',NULL,NULL,NULL),(215,NULL,NULL,NULL,'ABDOU DIALLO','ABDOU DIALLO',NULL,79,NULL,16,'1',NULL,NULL,NULL),(216,NULL,NULL,NULL,'MANUEL AKANJI','MANUEL AKANJI',NULL,82,NULL,16,'1',NULL,NULL,NULL),(217,NULL,NULL,NULL,'BENOÎT BADIASHILE MUKINAYI','BENOÎT BADIASHILE MUKINAYI',NULL,66,NULL,16,'1',NULL,NULL,NULL),(218,NULL,NULL,NULL,'SERGIO REGUILON','SERGIO REGUILON',NULL,75,NULL,16,'1',NULL,NULL,NULL),(219,NULL,NULL,NULL,'THEO HERNÁNDEZ','THEO HERNÁNDEZ',NULL,77,NULL,16,'1',NULL,NULL,NULL),(220,NULL,NULL,NULL,'JOSÉ ÁNGEL ESMORIS TASENDE','JOSÉ ÁNGEL ESMORIS TASENDE',NULL,78,NULL,16,'1',NULL,NULL,NULL),(221,NULL,NULL,NULL,'LUKA MODRIĆ','LUKA MODRIĆ',NULL,91,NULL,16,'1',NULL,NULL,NULL),(222,NULL,NULL,NULL,'LARS BENDER','LARS BENDER',NULL,82,NULL,16,'1',NULL,NULL,NULL),(223,NULL,NULL,NULL,'RODRIGO HERNÁNDEZ CASCANTE','RODRIGO HERNÁNDEZ CASCANTE',NULL,83,NULL,16,'1',NULL,NULL,NULL),(224,NULL,NULL,NULL,'FLORIAN NEUHAUS','FLORIAN NEUHAUS',NULL,76,NULL,16,'1',NULL,NULL,NULL),(225,NULL,NULL,NULL,'GONÇALO MANUEL GANCHINHO GUEDES','GONÇALO MANUEL GANCHINHO GUEDES',NULL,83,NULL,16,'1',NULL,NULL,NULL),(226,NULL,NULL,NULL,'SERGE GNABRY','SERGE GNABRY',NULL,84,NULL,16,'1',NULL,NULL,NULL),(227,NULL,NULL,NULL,'MARCO ASENSIO WILLEMSEN','MARCO ASENSIO WILLEMSEN',NULL,84,NULL,16,'1',NULL,NULL,NULL),(228,NULL,NULL,NULL,'TIMO WERNER','TIMO WERNER',NULL,84,NULL,16,'1',NULL,NULL,NULL),(229,NULL,NULL,NULL,'WISSAM BEN YEDDER','WISSAM BEN YEDDER',NULL,82,NULL,16,'1',NULL,NULL,NULL),(230,NULL,NULL,NULL,'MICHY BATSHUAYI','MICHY BATSHUAYI',NULL,80,NULL,16,'1',NULL,NULL,NULL),(231,NULL,NULL,NULL,'MARIANO DÍAZ MEJÍA','MARIANO DÍAZ MEJÍA',NULL,79,NULL,16,'1',NULL,NULL,NULL),(232,NULL,NULL,NULL,'ARKADIUSZ MILIK','ARKADIUSZ MILIK',NULL,82,NULL,16,'1',NULL,NULL,NULL),(233,NULL,NULL,NULL,'KEYLOR NAVAS','KEYLOR NAVAS',NULL,82,NULL,17,'1',NULL,NULL,NULL),(234,NULL,NULL,NULL,'BARTŁOMIEJ DRĄGOWSKI','BARTŁOMIEJ DRĄGOWSKI',NULL,82,NULL,17,'1',NULL,NULL,NULL),(235,NULL,NULL,NULL,'RUBEN AGUILAR','RUBEN AGUILAR',NULL,82,NULL,17,'1',NULL,NULL,NULL),(236,NULL,NULL,NULL,'AYMERIC LAPORTE','AYMERIC LAPORTE',NULL,82,NULL,17,'1',NULL,NULL,NULL),(237,NULL,NULL,NULL,'FELIPE AUGUSTO DE ALMEIDA MONTEIRO','FELIPE AUGUSTO DE ALMEIDA MONTEIRO',NULL,82,NULL,17,'1',NULL,NULL,NULL),(238,NULL,NULL,NULL,'KIERAN TRIPPIER','KIERAN TRIPPIER',NULL,82,NULL,17,'1',NULL,NULL,NULL),(239,NULL,NULL,NULL,'ALEX TELLES','ALEX TELLES',NULL,82,NULL,17,'1',NULL,NULL,NULL),(240,NULL,NULL,NULL,'GEORGIY DZHIKIYA','GEORGIY DZHIKIYA',NULL,82,NULL,17,'1',NULL,NULL,NULL),(241,NULL,NULL,NULL,'GIORGIO CHIELLINI','GIORGIO CHIELLINI',NULL,82,NULL,17,'1',NULL,NULL,NULL),(242,NULL,NULL,NULL,'BENJAMIN MENDY','BENJAMIN MENDY',NULL,82,NULL,17,'1',NULL,NULL,NULL),(243,NULL,NULL,NULL,'MAREK HAMŠÍK','MAREK HAMŠÍK',NULL,82,NULL,17,'1',NULL,NULL,NULL),(244,NULL,NULL,NULL,'MARCO VERRATTI','MARCO VERRATTI',NULL,82,NULL,17,'1',NULL,NULL,NULL),(245,NULL,NULL,NULL,'JOÃO FILIPE MOUTINHO','JOÃO FILIPE MOUTINHO',NULL,82,NULL,17,'1',NULL,NULL,NULL),(246,NULL,NULL,NULL,'MARVELOUS NAKAMBA','MARVELOUS NAKAMBA',NULL,82,NULL,17,'1',NULL,NULL,NULL),(247,NULL,NULL,NULL,'TAKEFUSA KUBO','TAKEFUSA KUBO',NULL,82,NULL,17,'1',NULL,NULL,NULL),(248,NULL,NULL,NULL,'IVAN RAKITIĆ','IVAN RAKITIĆ',NULL,82,NULL,17,'1',NULL,NULL,NULL),(249,NULL,NULL,NULL,'CHRISTIAN PULISIC','CHRISTIAN PULISIC',NULL,82,NULL,17,'1',NULL,NULL,NULL),(250,NULL,NULL,NULL,'ILKAY GÜNDOGAN','ILKAY GÜNDOGAN',NULL,82,NULL,17,'1',NULL,NULL,NULL),(251,NULL,NULL,NULL,'FRANK ACHEAMPONG','FRANK ACHEAMPONG',NULL,82,NULL,17,'1',NULL,NULL,NULL),(252,NULL,NULL,NULL,'SIMONE VERDI','SIMONE VERDI',NULL,82,NULL,17,'1',NULL,NULL,NULL),(253,NULL,NULL,NULL,'KARIM BENZEMA','KARIM BENZEMA',NULL,82,NULL,17,'1',NULL,NULL,NULL),(254,NULL,NULL,NULL,'MILOT RASHICA','MILOT RASHICA',NULL,82,NULL,17,'1',NULL,NULL,NULL),(255,NULL,NULL,NULL,'PEDRO ELIEZER RODRÍGUEZ LEDESM','PEDRO ELIEZER RODRÍGUEZ LEDESM',NULL,82,NULL,17,'1',NULL,NULL,NULL),(256,NULL,NULL,NULL,'JONAS GONÇALVES OLIVEIRA','JONAS GONÇALVES OLIVEIRA',NULL,82,NULL,17,'1',NULL,NULL,NULL),(257,NULL,NULL,NULL,'STEVEN BERGWIJN','STEVEN BERGWIJN',NULL,82,NULL,17,'1',NULL,NULL,NULL),(258,NULL,NULL,NULL,'B. LENO','B. LENO',NULL,83,NULL,18,'1',NULL,NULL,NULL),(259,NULL,NULL,NULL,'T. HORN','T. HORN',NULL,83,NULL,18,'1',NULL,NULL,NULL),(260,NULL,NULL,NULL,'M. HUMMELS','M. HUMMELS',NULL,88,NULL,18,'1',NULL,NULL,NULL),(261,NULL,NULL,NULL,'D. ALABA','D. ALABA',NULL,84,NULL,18,'1',NULL,NULL,NULL),(262,NULL,NULL,NULL,'S. AURIER','S. AURIER',NULL,80,NULL,18,'1',NULL,NULL,NULL),(263,NULL,NULL,NULL,'MANOLAS','MANOLAS',NULL,85,NULL,18,'1',NULL,NULL,NULL),(264,NULL,NULL,NULL,'N.SEMEDO','N.SEMEDO',NULL,81,NULL,18,'1',NULL,NULL,NULL),(265,NULL,NULL,NULL,'ÉDER MILITÃO','ÉDER MILITÃO',NULL,79,NULL,18,'1',NULL,NULL,NULL),(266,NULL,NULL,NULL,'M. WEISER','M. WEISER',NULL,77,NULL,18,'1',NULL,NULL,NULL),(267,NULL,NULL,NULL,'M. WAGUÉ','M. WAGUÉ',NULL,69,NULL,18,'1',NULL,NULL,NULL),(268,NULL,NULL,NULL,'G. KONDOGBIA','G. KONDOGBIA',NULL,81,NULL,18,'1',NULL,NULL,NULL),(269,NULL,NULL,NULL,'F. CERVI','F. CERVI',NULL,78,NULL,18,'1',NULL,NULL,NULL),(270,NULL,NULL,NULL,'P. ROSARIO','P. ROSARIO',NULL,76,NULL,18,'1',NULL,NULL,NULL),(271,NULL,NULL,NULL,'K. DE BRUYNE','K. DE BRUYNE',NULL,91,NULL,18,'1',NULL,NULL,NULL),(272,NULL,NULL,NULL,'G. MEDEL','G. MEDEL',NULL,79,NULL,18,'1',NULL,NULL,NULL),(273,NULL,NULL,NULL,'B. MATUIDI','B. MATUIDI',NULL,85,NULL,18,'1',NULL,NULL,NULL),(274,NULL,NULL,NULL,'CASEMIRO','CASEMIRO',NULL,87,NULL,18,'1',NULL,NULL,NULL),(275,NULL,NULL,NULL,'H. LOZANO','H. LOZANO',NULL,82,NULL,18,'1',NULL,NULL,NULL),(276,NULL,NULL,NULL,'Leo Messi','L. Messi',NULL,94,NULL,18,'1',NULL,NULL,'https://sofifa.com/player/158023/lionel-messi/19/159478/'),(277,NULL,NULL,NULL,'A. LACAZETTE','A. LACAZETTE',NULL,85,NULL,18,'1',NULL,NULL,NULL),(278,NULL,NULL,NULL,'T. MULLER','T. MULLER',NULL,86,NULL,18,'1',NULL,NULL,NULL),(279,NULL,NULL,NULL,'J.CORONA','J.CORONA',NULL,82,NULL,18,'1',NULL,NULL,NULL),(280,NULL,NULL,NULL,'O. EDOUARD','O. EDOUARD',NULL,73,NULL,18,'1',NULL,NULL,NULL),(281,NULL,NULL,NULL,'M. MAREGA','M. MAREGA',NULL,81,NULL,18,'1',NULL,NULL,NULL),(282,NULL,NULL,NULL,'W. GEUBBELS','W. GEUBBELS',NULL,64,NULL,18,'1',NULL,NULL,NULL),(283,NULL,NULL,NULL,'IKER CASILLAS','IKER CASILLAS',NULL,83,NULL,30,'1',NULL,NULL,NULL),(284,NULL,NULL,NULL,'Pavel Kadeřábek','Pavel Kadeřábek',NULL,80,NULL,30,'1',NULL,NULL,NULL),(285,NULL,NULL,NULL,'LUCAS MOURA','LUCAS MOURA',NULL,83,NULL,30,'1',NULL,NULL,NULL),(286,NULL,NULL,NULL,'DI MARIA','DI MARIA',NULL,85,NULL,30,'1',NULL,NULL,NULL),(287,NULL,NULL,NULL,'MARTIN ODEGAARD','MARTIN ODEGAARD',NULL,76,NULL,30,'1',NULL,NULL,NULL),(288,NULL,NULL,NULL,'C. DAGBA','C. DAGBA',NULL,69,NULL,30,'1',NULL,NULL,NULL),(289,NULL,NULL,NULL,'ALISSON','ALISSON',NULL,87,NULL,30,'1',NULL,NULL,NULL),(290,NULL,NULL,NULL,'JONNY','JONNY',NULL,79,NULL,30,'1',NULL,NULL,NULL),(291,NULL,NULL,NULL,'T. HAZARD','T. HAZARD',NULL,82,NULL,30,'1',NULL,NULL,NULL),(292,NULL,NULL,NULL,'KURZAWA','KURZAWA',NULL,78,NULL,30,'1',NULL,NULL,NULL),(293,NULL,NULL,NULL,'ETHAN AMPADU','ETHAN AMPADU',NULL,65,NULL,30,'1',NULL,NULL,NULL),(294,NULL,NULL,NULL,'PACO ALCÁCER','PACO ALCÁCER',NULL,82,NULL,30,'1',NULL,NULL,NULL),(295,NULL,NULL,NULL,'GERARD PIQUÉ','GERARD PIQUÉ',NULL,88,NULL,30,'1',NULL,NULL,NULL),(296,NULL,NULL,NULL,'FELIPE ANDERSON','FELIPE ANDERSON',NULL,84,NULL,30,'1',NULL,NULL,NULL),(297,NULL,NULL,NULL,'NKUNKU','NKUNKU',NULL,77,NULL,30,'1',NULL,NULL,NULL),(298,NULL,NULL,NULL,'H. ZIYECH','H. ZIYECH',NULL,84,NULL,30,'1',NULL,NULL,NULL),(299,NULL,NULL,NULL,'STANLEY N´SOKY','STANLEY N´SOKY',NULL,68,NULL,30,'1',NULL,NULL,NULL),(300,NULL,NULL,NULL,'YACINE ADLI','YACINE ADLI',NULL,65,NULL,30,'1',NULL,NULL,NULL),(301,NULL,NULL,NULL,'ADRIEN RABIOT','ADRIEN RABIOT',NULL,83,NULL,30,'1',NULL,NULL,NULL),(302,NULL,NULL,NULL,'MOUSSA DIABY','MOUSSA DIABY',NULL,73,NULL,30,'1',NULL,NULL,NULL),(303,NULL,NULL,NULL,'WILLIAM CARVALHO','WILLIAM CARVALHO',NULL,83,NULL,30,'1',NULL,NULL,NULL),(304,NULL,NULL,NULL,'ALEXANDER ISAK','ALEXANDER ISAK',NULL,71,NULL,30,'1',NULL,NULL,NULL),(305,NULL,NULL,NULL,'A. TALISCA','A. TALISCA',NULL,83,NULL,30,'1',NULL,NULL,NULL),(306,NULL,NULL,NULL,'S. DE VRIJ','S. DE VRIJ',NULL,84,NULL,30,'1',NULL,NULL,NULL),(307,NULL,NULL,NULL,'QUINCY PROMES','QUINCY PROMES',NULL,83,NULL,30,'1',NULL,NULL,NULL),(308,NULL,NULL,NULL,'GIANLUIGI BUFFON','GIANLUIGI BUFFON',NULL,87,NULL,8,'1',NULL,NULL,NULL),(309,NULL,NULL,NULL,'JASPER CILLESEN','JASPER CILLESEN',NULL,82,NULL,8,'1',NULL,NULL,NULL),(310,NULL,NULL,NULL,'O. ZINCHENKO','O. ZINCHENKO',NULL,75,NULL,8,'1',NULL,NULL,NULL),(311,NULL,NULL,NULL,'ALBERTO MORENO PÉREZ','ALBERTO MORENO PÉREZ',NULL,76,NULL,8,'1',NULL,NULL,NULL),(312,NULL,NULL,NULL,'JEMERSON DE JESUS NASCIMENTO','JEMERSON DE JESUS NASCIMENTO',NULL,76,NULL,8,'1',NULL,NULL,NULL),(313,NULL,NULL,NULL,'NIKLAS STARK','NIKLAS STARK',NULL,79,NULL,8,'1',NULL,NULL,NULL),(314,NULL,NULL,NULL,'JAMES TARKOWSKI','JAMES TARKOWSKI',NULL,79,NULL,8,'1',NULL,NULL,NULL),(315,NULL,NULL,NULL,'DENZEL DUMFRIES','DENZEL DUMFRIES',NULL,76,NULL,8,'1',NULL,NULL,NULL),(316,NULL,NULL,NULL,'DJIBRIL SIDIBÉ','DJIBRIL SIDIBÉ',NULL,78,NULL,8,'1',NULL,NULL,NULL),(317,NULL,NULL,NULL,'IDRISSA GANA GUEYE','IDRISSA GANA GUEYE',NULL,83,NULL,8,'1',NULL,NULL,NULL),(318,NULL,NULL,NULL,'MILAN BADELJ','MILAN BADELJ',NULL,79,NULL,8,'1',NULL,NULL,NULL),(319,NULL,NULL,NULL,'ALFA SEMEDO','ALFA SEMEDO',NULL,75,NULL,8,'1',NULL,NULL,NULL),(320,NULL,NULL,NULL,'JOSÉ ANDRÉS GUARDADO HERNÁNDEZ','JOSÉ ANDRÉS GUARDADO HERNÁNDEZ',NULL,82,NULL,8,'1',NULL,NULL,NULL),(321,NULL,NULL,NULL,'ANTONÍN BARÁK','ANTONÍN BARÁK',NULL,77,NULL,8,'1',NULL,NULL,NULL),(322,NULL,NULL,NULL,'DONYELL MALEN','DONYELL MALEN',NULL,72,NULL,8,'1',NULL,NULL,NULL),(323,NULL,NULL,NULL,'FRANCK BILAL RIBÉRY','FRANCK BILAL RIBÉRY',NULL,83,NULL,8,'1',NULL,NULL,NULL),(324,NULL,NULL,NULL,'GIULIANO','GIULIANO',NULL,82,NULL,8,'1',NULL,NULL,NULL),(325,NULL,NULL,NULL,'GIACOMO BONAVENTURA','GIACOMO BONAVENTURA',NULL,82,NULL,8,'1',NULL,NULL,NULL),(326,NULL,NULL,NULL,'JONATHAN VIERA','JONATHAN VIERA',NULL,82,NULL,8,'1',NULL,NULL,NULL),(327,NULL,NULL,NULL,'KARIM BELLARABI','KARIM BELLARABI',NULL,82,NULL,8,'1',NULL,NULL,NULL),(328,NULL,NULL,NULL,'PAULINHO HENRIQUE SAMPAIO FILHO','PAULINHO HENRIQUE SAMPAIO FILHO',NULL,71,NULL,8,'1',NULL,NULL,NULL),(329,NULL,NULL,NULL,'VINCENT PATÉ ABOUBAKAR','VINCENT PATÉ ABOUBAKAR',NULL,80,NULL,8,'1',NULL,NULL,NULL),(330,NULL,NULL,NULL,'KÉVIN GAMEIRO','KÉVIN GAMEIRO',NULL,80,NULL,8,'1',NULL,NULL,NULL),(331,NULL,NULL,NULL,'ANDRÉ-PIERRE GIGNAC','ANDRÉ-PIERRE GIGNAC',NULL,80,NULL,8,'1',NULL,NULL,NULL),(332,NULL,NULL,NULL,'JAVIER HERNÁNDEZ BALCÁZAR','JAVIER HERNÁNDEZ BALCÁZAR',NULL,79,NULL,8,'1',NULL,NULL,NULL),(333,NULL,NULL,NULL,'DIEGO CARLOS SANTOS SILVA','DIEGO CARLOS SANTOS SILVA',NULL,79,NULL,31,'1',NULL,NULL,NULL),(334,NULL,NULL,NULL,'WILLI ORBAN','WILLI ORBAN',NULL,79,NULL,31,'1',NULL,NULL,NULL),(335,NULL,NULL,NULL,'FILIPE LUIS','FILIPE LUIS',NULL,85,NULL,31,'1',NULL,NULL,NULL),(336,NULL,NULL,NULL,'MÁRIO FIGUEIRA FERNANDES','MÁRIO FIGUEIRA FERNANDES',NULL,82,NULL,31,'1',NULL,NULL,NULL),(337,NULL,NULL,NULL,'JOHN BROOKS','JOHN BROOKS',NULL,79,NULL,31,'1',NULL,NULL,NULL),(338,NULL,NULL,NULL,'FILIP BENKOVIĆ','FILIP BENKOVIĆ',NULL,76,NULL,31,'1',NULL,NULL,NULL),(339,NULL,NULL,NULL,'DOMENICO BERARDI','DOMENICO BERARDI',NULL,78,NULL,31,'1',NULL,NULL,NULL),(340,NULL,NULL,NULL,'NICOLÒ ZANIOLO','NICOLÒ ZANIOLO',NULL,74,NULL,31,'1',NULL,NULL,NULL),(341,NULL,NULL,NULL,'RAÚL ALONSO JIMÉNEZ RODRÍGUEZ','RAÚL ALONSO JIMÉNEZ RODRÍGUEZ',NULL,78,NULL,31,'1',NULL,NULL,NULL),(342,NULL,NULL,NULL,'EDIN DZEKO','EDIN DZEKO',NULL,85,NULL,31,'1',NULL,NULL,NULL),(343,NULL,NULL,NULL,'KEVIN VOLLAND','KEVIN VOLLAND',NULL,81,NULL,31,'1',NULL,NULL,NULL),(344,NULL,NULL,NULL,'ENNER VALENCIA','ENNER VALENCIA',NULL,76,NULL,31,'1',NULL,NULL,NULL),(345,NULL,NULL,NULL,'DOMINIC CALVERT LEWIN','DOMINIC CALVERT LEWIN',NULL,75,NULL,31,'1',NULL,NULL,NULL),(346,NULL,NULL,NULL,'JEAN-PHILIPPE GBAMIN','JEAN-PHILIPPE GBAMIN',NULL,78,NULL,31,'1',NULL,NULL,NULL),(347,NULL,NULL,NULL,'HÉCTOR MIGUEL HERRERA LÓPEZ','HÉCTOR MIGUEL HERRERA LÓPEZ',NULL,82,NULL,31,'1',NULL,NULL,NULL),(348,NULL,NULL,NULL,'CORENTIN TOLISSO','CORENTIN TOLISSO',NULL,83,NULL,31,'1',NULL,NULL,NULL),(349,NULL,NULL,NULL,'ANDRÉ FILIPE TAVARES GOMES','ANDRÉ FILIPE TAVARES GOMES',NULL,80,NULL,31,'1',NULL,NULL,NULL),(350,NULL,NULL,NULL,'MARLOS ROMERO BONFIM','MARLOS ROMERO BONFIM',NULL,82,NULL,31,'1',NULL,NULL,NULL),(351,NULL,NULL,NULL,'MATHEUS FELIPE COSTA PEREIRA','MATHEUS FELIPE COSTA PEREIRA',NULL,75,NULL,31,'1',NULL,NULL,NULL),(352,NULL,NULL,NULL,'GASTÓN PEREIRO','GASTÓN PEREIRO',NULL,77,NULL,31,'1',NULL,NULL,NULL),(353,NULL,NULL,NULL,'VIKTOR TSYGANKOV','VIKTOR TSYGANKOV',NULL,79,NULL,31,'1',NULL,NULL,NULL),(354,NULL,NULL,NULL,'RICARD PUIG MARTÍ','RICARD PUIG MARTÍ',NULL,69,NULL,31,'1',NULL,NULL,NULL),(355,NULL,NULL,NULL,'ANTONIO ADÁN GARRIDO','ANTONIO ADÁN GARRIDO',NULL,82,NULL,31,'1',NULL,NULL,NULL),(356,NULL,NULL,NULL,'GERÓNIMO RULLLI','GERÓNIMO RULLLI',NULL,80,NULL,31,'1',NULL,NULL,NULL),(357,NULL,NULL,NULL,'DAVID DE GEA','DAVID DE GEA',NULL,91,NULL,32,'1',NULL,NULL,'https://sofifa.com/player/193080/david-de-gea-quintana/19/159481/'),(358,NULL,NULL,NULL,'DEAN HENDERSON','DEAN HENDERSON',NULL,74,NULL,32,'1',NULL,NULL,NULL),(359,NULL,NULL,NULL,'PHIL JONES','PHIL JONES',NULL,79,NULL,32,'1',NULL,NULL,NULL),(360,NULL,NULL,NULL,'NIKLAS SÜLE','NIKLAS SÜLE',NULL,84,NULL,32,'1',NULL,NULL,NULL),(361,NULL,NULL,NULL,'CHRIS SMALLING','CHRIS SMALLING',NULL,80,NULL,32,'1',NULL,NULL,NULL),(362,NULL,NULL,NULL,'LUKE SHAW','LUKE SHAW',NULL,81,NULL,32,'1',NULL,NULL,NULL),(363,NULL,NULL,NULL,'EMERSON','EMERSON',NULL,69,NULL,32,'1',NULL,NULL,NULL),(364,NULL,NULL,NULL,'JOACHIM ANDERSEN','JOACHIM ANDERSEN',NULL,77,NULL,32,'1',NULL,NULL,NULL),(365,NULL,NULL,NULL,'RUBEN NEVES','RUBEN NEVES',NULL,81,NULL,32,'1',NULL,NULL,NULL),(366,NULL,NULL,NULL,'PAUL POGBA','PAUL POGBA',NULL,88,NULL,32,'1',NULL,NULL,NULL),(367,NULL,NULL,NULL,'JESSE LINGARD','JESSE LINGARD',NULL,82,NULL,32,'1',NULL,NULL,NULL),(368,NULL,NULL,NULL,'ANDREAS PEREIRA','ANDREAS PEREIRA',NULL,77,NULL,32,'1',NULL,NULL,NULL),(369,NULL,NULL,NULL,'YARI VERSCHAEREN','YARI VERSCHAEREN',NULL,69,NULL,32,'1',NULL,NULL,NULL),(370,NULL,NULL,NULL,'ANGEL GOMES','ANGEL GOMES',NULL,67,NULL,32,'1',NULL,NULL,NULL),(371,NULL,NULL,NULL,'MORGAN GIBBS-WHITE','MORGAN GIBBS-WHITE',NULL,68,NULL,32,'1',NULL,NULL,NULL),(372,NULL,NULL,NULL,'MARC ROCA JUNQUÉ','MARC ROCA JUNQUÉ',NULL,77,NULL,32,'1',NULL,NULL,NULL),(373,NULL,NULL,NULL,'ISCO','ISCO',NULL,87,NULL,32,'1',NULL,NULL,NULL),(374,NULL,NULL,NULL,'TAHITH CHONG','TAHITH CHONG',NULL,66,NULL,32,'1',NULL,NULL,NULL),(375,NULL,NULL,NULL,'ROMELU LUKAKU','ROMELU LUKAKU',NULL,86,NULL,32,'1',NULL,NULL,NULL),(376,NULL,NULL,NULL,'MORATA','MORATA',NULL,82,NULL,32,'1',NULL,NULL,NULL),(377,NULL,NULL,NULL,'MARCUS RASHFORD','MARCUS RASHFORD',NULL,83,NULL,32,'1',NULL,NULL,NULL),(378,NULL,NULL,NULL,'ANTHONY MARTIAL','ANTHONY MARTIAL',NULL,84,NULL,32,'1',NULL,NULL,NULL),(379,NULL,NULL,NULL,'MASON GREENWOOD','MASON GREENWOOD',NULL,66,NULL,32,'1',NULL,NULL,NULL),(380,NULL,NULL,NULL,'RYAN SESSEGNON','RYAN SESSEGNON',NULL,75,NULL,32,'1',NULL,NULL,NULL),(381,NULL,NULL,NULL,'ZACK STEFFEN','ZACK STEFFEN',NULL,76,NULL,19,'1',NULL,NULL,NULL),(382,NULL,NULL,NULL,'THOMAS STRAKOSHA','THOMAS STRAKOSHA',NULL,82,NULL,19,'1',NULL,NULL,NULL),(383,NULL,NULL,NULL,'JUANFRAN','JUANFRAN',NULL,80,NULL,19,'1',NULL,NULL,NULL),(384,NULL,NULL,NULL,'SANTIAGO ARIAS','SANTIAGO ARIAS',NULL,79,NULL,19,'1',NULL,NULL,NULL),(385,NULL,NULL,NULL,'RAFAEL','RAFAEL',NULL,79,NULL,19,'1',NULL,NULL,NULL),(386,NULL,NULL,NULL,'MILAN ŠKRINIAR','MILAN ŠKRINIAR',NULL,86,NULL,19,'1',NULL,NULL,NULL),(387,NULL,NULL,NULL,'STEFAN SAVIĆ','STEFAN SAVIĆ',NULL,83,NULL,19,'1',NULL,NULL,NULL),(388,NULL,NULL,NULL,'JEISON MURILLO','JEISON MURILLO',NULL,80,NULL,19,'1',NULL,NULL,NULL),(389,NULL,NULL,NULL,'KARIM REKIK','KARIM REKIK',NULL,79,NULL,19,'1',NULL,NULL,NULL),(390,NULL,NULL,NULL,'LEANDER DENDONCKER','LEANDER DENDONCKER',NULL,79,NULL,19,'1',NULL,NULL,NULL),(391,NULL,NULL,NULL,'HENRIKH MKHITARYAN','HENRIKH MKHITARYAN',NULL,82,NULL,19,'1',NULL,NULL,NULL),(392,NULL,NULL,NULL,'TONNY VILHENA','TONNY VILHENA',NULL,78,NULL,19,'1',NULL,NULL,NULL),(393,NULL,NULL,NULL,'FRANCK YANNICK KESSIÉ','FRANCK YANNICK KESSIÉ',NULL,79,NULL,19,'1',NULL,NULL,NULL),(394,NULL,NULL,NULL,'JAMES RODRÍGUEZ','JAMES RODRÍGUEZ',NULL,87,NULL,19,'1',NULL,NULL,NULL),(395,NULL,NULL,NULL,'RYAN BERTRAND','RYAN BERTRAND',NULL,78,NULL,19,'1',NULL,NULL,NULL),(396,NULL,NULL,NULL,'JOEL CAMPBELL','JOEL CAMPBELL',NULL,75,NULL,19,'1',NULL,NULL,NULL),(397,NULL,NULL,NULL,'MAXIMILIAN PHILIPP','MAXIMILIAN PHILIPP',NULL,78,NULL,19,'1',NULL,NULL,NULL),(398,NULL,NULL,NULL,'AVILÉS HURTADO','AVILÉS HURTADO',NULL,75,NULL,19,'1',NULL,NULL,NULL),(399,NULL,NULL,NULL,'LUCAS VÁZQUEZ','LUCAS VÁZQUEZ',NULL,83,NULL,19,'1',NULL,NULL,NULL),(400,NULL,NULL,NULL,'ALEX TEIXEIRA','ALEX TEIXEIRA',NULL,79,NULL,19,'1',NULL,NULL,NULL),(401,NULL,NULL,NULL,'WILMAR BARRIOS','WILMAR BARRIOS',NULL,78,NULL,19,'1',NULL,NULL,NULL),(402,NULL,NULL,NULL,'JONAS HECTOR','JONAS HECTOR',NULL,79,NULL,19,'1',NULL,NULL,NULL),(403,NULL,NULL,NULL,'RAMIRES SANTOS DO NASCIMENTO','RAMIRES SANTOS DO NASCIMENTO',NULL,80,NULL,19,'1',NULL,NULL,NULL),(404,NULL,NULL,NULL,'EDSON ALVAREZ','EDSON ALVAREZ',NULL,75,NULL,19,'1',NULL,NULL,NULL),(405,NULL,NULL,NULL,'CÉDRIC BAKAMBU','CÉDRIC BAKAMBU',NULL,82,NULL,19,'1',NULL,NULL,NULL),(406,NULL,NULL,NULL,'JAN OBLAK','JAN OBLAK',NULL,90,NULL,20,'1',NULL,NULL,NULL),(407,NULL,NULL,NULL,'ODISSEAS VLACHODIMOS','ODISSEAS VLACHODIMOS',NULL,79,NULL,20,'1',NULL,NULL,NULL),(408,NULL,NULL,NULL,'CARVAJAL','CARVAJAL',NULL,85,NULL,20,'1',NULL,NULL,NULL),(409,NULL,NULL,NULL,'R.VARANE','R.VARANE',NULL,86,NULL,20,'1',NULL,NULL,NULL),(410,NULL,NULL,NULL,'C. LENGLET','C. LENGLET',NULL,84,NULL,20,'1',NULL,NULL,NULL),(411,NULL,NULL,NULL,'JORDI ALBA','JORDI ALBA',NULL,87,NULL,20,'1',NULL,NULL,NULL),(412,NULL,NULL,NULL,'N. ELVEDI','N. ELVEDI',NULL,78,NULL,20,'1',NULL,NULL,NULL),(413,NULL,NULL,NULL,'JUNIOR FIRPO','JUNIOR FIRPO',NULL,78,NULL,20,'1',NULL,NULL,NULL),(414,NULL,NULL,NULL,'R. JAMES','R. JAMES',NULL,72,NULL,20,'1',NULL,NULL,NULL),(415,NULL,NULL,NULL,'L. DUBOIS','L. DUBOIS',NULL,78,NULL,20,'1',NULL,NULL,NULL),(416,NULL,NULL,NULL,'A. VIDAL','A. VIDAL',NULL,85,NULL,20,'1',NULL,NULL,NULL),(417,NULL,NULL,NULL,'T. ALMADA','T. ALMADA',NULL,65,NULL,20,'1',NULL,NULL,NULL),(418,NULL,NULL,NULL,'L. GORETZKA','L. GORETZKA',NULL,84,NULL,20,'1',NULL,NULL,NULL),(419,NULL,NULL,NULL,'H. WOLF','H. WOLF',NULL,74,NULL,20,'1',NULL,NULL,NULL),(420,NULL,NULL,NULL,'M. EGGESTEIN','M. EGGESTEIN',NULL,80,NULL,20,'1',NULL,NULL,NULL),(421,NULL,NULL,NULL,'CUCURELLA','CUCURELLA',NULL,75,NULL,20,'1',NULL,NULL,NULL),(422,NULL,NULL,NULL,'MERTENS','MERTENS',NULL,87,NULL,20,'1',NULL,NULL,NULL),(423,NULL,NULL,NULL,'COUTINHO','COUTINHO',NULL,87,NULL,20,'1',NULL,NULL,NULL),(424,NULL,NULL,NULL,'H. KANE','H. KANE',NULL,90,NULL,20,'1',NULL,NULL,NULL),(425,NULL,NULL,NULL,'C. PAVÓN','C. PAVÓN',NULL,79,NULL,20,'1',NULL,NULL,NULL),(426,NULL,NULL,NULL,'L. SANÉ','L. SANÉ',NULL,86,NULL,20,'1',NULL,NULL,NULL),(427,NULL,NULL,NULL,'M. GÓMEZ','M. GÓMEZ',NULL,80,NULL,20,'1',NULL,NULL,NULL),(428,NULL,NULL,NULL,'J. MATETA','J. MATETA',NULL,76,NULL,20,'1',NULL,NULL,NULL),(429,NULL,NULL,NULL,'K. MBAPPÉ','K. MBAPPÉ',NULL,88,NULL,20,'1',NULL,NULL,NULL),(430,NULL,NULL,NULL,'TER STEGEN','TER STEGEN',NULL,82,NULL,33,'1',NULL,NULL,NULL),(431,NULL,NULL,NULL,'LUNIN','LUNIN',NULL,82,NULL,33,'1',NULL,NULL,NULL),(432,NULL,NULL,NULL,'A. MASUAKU ','A. MASUAKU ',NULL,82,NULL,33,'1',NULL,NULL,NULL),(433,NULL,NULL,NULL,'I. KONATE','I. KONATE',NULL,82,NULL,33,'1',NULL,NULL,NULL),(434,NULL,NULL,NULL,'M. SARR','M. SARR',NULL,82,NULL,33,'1',NULL,NULL,NULL),(435,NULL,NULL,NULL,'T. ALEXANDER-ARNOLD','T. ALEXANDER-ARNOLD',NULL,82,NULL,33,'1',NULL,NULL,NULL),(436,NULL,NULL,NULL,'F. BUSTOS','F. BUSTOS',NULL,82,NULL,33,'1',NULL,NULL,NULL),(437,NULL,NULL,NULL,'JEROME BOTENG','JEROME BOTENG',NULL,82,NULL,33,'1',NULL,NULL,NULL),(438,NULL,NULL,NULL,'R. FRASER','R. FRASER',NULL,82,NULL,33,'1',NULL,NULL,NULL),(439,NULL,NULL,NULL,'DELLE ALLI','DELLE ALLI',NULL,82,NULL,33,'1',NULL,NULL,NULL),(440,NULL,NULL,NULL,'LOFTUS-CHEEK','LOFTUS-CHEEK',NULL,82,NULL,33,'1',NULL,NULL,NULL),(441,NULL,NULL,NULL,'ALMIRON','ALMIRON',NULL,82,NULL,33,'1',NULL,NULL,NULL),(442,NULL,NULL,NULL,'LOBOTKA','LOBOTKA',NULL,82,NULL,33,'1',NULL,NULL,NULL),(443,NULL,NULL,NULL,'MILINKOVIC-SAVIC','MILINKOVIC-SAVIC',NULL,82,NULL,33,'1',NULL,NULL,NULL),(444,NULL,NULL,NULL,'FORSBERG','FORSBERG',NULL,82,NULL,33,'1',NULL,NULL,NULL),(445,NULL,NULL,NULL,'R. GUERREIRO','R. GUERREIRO',NULL,82,NULL,33,'1',NULL,NULL,NULL),(446,NULL,NULL,NULL,'CALHANOGLU','CALHANOGLU',NULL,82,NULL,33,'1',NULL,NULL,NULL),(447,NULL,NULL,NULL,'ADAMA','ADAMA',NULL,82,NULL,33,'1',NULL,NULL,NULL),(448,NULL,NULL,NULL,'BREKALO','BREKALO',NULL,82,NULL,33,'1',NULL,NULL,NULL),(449,NULL,NULL,NULL,'HIGUAIN','HIGUAIN',NULL,82,NULL,33,'1',NULL,NULL,NULL),(450,NULL,NULL,NULL,'MALCOM','MALCOM',NULL,82,NULL,33,'1',NULL,NULL,NULL),(451,NULL,NULL,NULL,'WOJCIECH SZCZESNY','WOJCIECH SZCZESNY',NULL,83,NULL,21,'1',NULL,NULL,NULL),(452,NULL,NULL,NULL,'MATHEW RYAN','MATHEW RYAN',NULL,83,NULL,21,'1',NULL,NULL,NULL),(453,NULL,NULL,NULL,'DJENÉ DAKONAM ORTEGA','DJENÉ DAKONAM ORTEGA',NULL,83,NULL,21,'1',NULL,NULL,NULL),(454,NULL,NULL,NULL,'NICOLÁS ALEJANDRO TAGLIAFICO','NICOLÁS ALEJANDRO TAGLIAFICO',NULL,83,NULL,21,'1',NULL,NULL,NULL),(455,NULL,NULL,NULL,'ALEX SANDRO','ALEX SANDRO',NULL,83,NULL,21,'1',NULL,NULL,NULL),(456,NULL,NULL,NULL,'ALESSANDRO FLORENZI','ALESSANDRO FLORENZI',NULL,83,NULL,21,'1',NULL,NULL,NULL),(457,NULL,NULL,NULL,'LEONARDO BONUCCI','LEONARDO BONUCCI',NULL,83,NULL,21,'1',NULL,NULL,NULL),(458,NULL,NULL,NULL,'DANIELE RUGANI','DANIELE RUGANI',NULL,83,NULL,21,'1',NULL,NULL,NULL),(459,NULL,NULL,NULL,'SEAD KOLASINAC','SEAD KOLASINAC',NULL,83,NULL,21,'1',NULL,NULL,NULL),(460,NULL,NULL,NULL,'CARLOS SOLER BARRAGÁN','CARLOS SOLER BARRAGÁN',NULL,83,NULL,21,'1',NULL,NULL,NULL),(461,NULL,NULL,NULL,'AARON RAMSEY','AARON RAMSEY',NULL,83,NULL,21,'1',NULL,NULL,NULL),(462,NULL,NULL,NULL,'JUAN GUILLERMO CUADRADO','JUAN GUILLERMO CUADRADO',NULL,83,NULL,21,'1',NULL,NULL,NULL),(463,NULL,NULL,NULL,'ALBERTH ELIS','ALBERTH ELIS',NULL,83,NULL,21,'1',NULL,NULL,NULL),(464,NULL,NULL,NULL,'DANI CEBALLOS','DANI CEBALLOS',NULL,83,NULL,21,'1',NULL,NULL,NULL),(465,NULL,NULL,NULL,'EMRE CAN','EMRE CAN',NULL,83,NULL,21,'1',NULL,NULL,NULL),(466,NULL,NULL,NULL,'RODRIGO BENTANCUR','RODRIGO BENTANCUR',NULL,83,NULL,21,'1',NULL,NULL,NULL),(467,NULL,NULL,NULL,'FEDERICO BERNARDESCHI','FEDERICO BERNARDESCHI',NULL,83,NULL,21,'1',NULL,NULL,NULL),(468,NULL,NULL,NULL,'LEONARDO SPINAZZOLA','LEONARDO SPINAZZOLA',NULL,83,NULL,21,'1',NULL,NULL,NULL),(469,NULL,NULL,NULL,'KEVIN KAMPL','KEVIN KAMPL',NULL,83,NULL,21,'1',NULL,NULL,NULL),(470,NULL,NULL,NULL,'DANIELE CASTELO PODENCE','DANIELE CASTELO PODENCE',NULL,83,NULL,21,'1',NULL,NULL,NULL),(471,NULL,NULL,NULL,'WESLEY MORAES FERREIRA DA SILVA','WESLEY MORAES FERREIRA DA SILVA',NULL,83,NULL,21,'1',NULL,NULL,NULL),(472,NULL,NULL,NULL,'ROBERT LEWANDOWSKI','ROBERT LEWANDOWSKI',NULL,83,NULL,21,'1',NULL,NULL,NULL),(473,NULL,NULL,NULL,'DUVÁN ZAPATA','DUVÁN ZAPATA',NULL,83,NULL,21,'1',NULL,NULL,NULL),(474,NULL,NULL,NULL,'LORENZO INSIGNE','LORENZO INSIGNE',NULL,83,NULL,21,'1',NULL,NULL,NULL),(475,NULL,NULL,NULL,'SERGIO ASENJO','SERGIO ASENJO',NULL,83,NULL,12,'1',NULL,NULL,NULL),(476,NULL,NULL,NULL,'EMILIANO VIVIANO','EMILIANO VIVIANO',NULL,82,NULL,12,'1',NULL,NULL,NULL),(477,NULL,NULL,NULL,'JOSÉ IGNACIO FERNÁNDEZ IGLESIAS','JOSÉ IGNACIO FERNÁNDEZ IGLESIAS',NULL,83,NULL,12,'1',NULL,NULL,NULL),(478,NULL,NULL,NULL,'OMER TOPRAK','OMER TOPRAK',NULL,80,NULL,12,'1',NULL,NULL,NULL),(479,NULL,NULL,NULL,'MATEO MUSACCHIO','MATEO MUSACCHIO',NULL,80,NULL,12,'1',NULL,NULL,NULL),(480,NULL,NULL,NULL,'PANAGIOTIS RETSOS','PANAGIOTIS RETSOS',NULL,75,NULL,12,'1',NULL,NULL,NULL),(481,NULL,NULL,NULL,'RENZO SARAVIA','RENZO SARAVIA',NULL,75,NULL,12,'1',NULL,NULL,NULL),(482,NULL,NULL,NULL,'VALENTINO LAZARO','VALENTINO LAZARO',NULL,75,NULL,12,'1',NULL,NULL,NULL),(483,NULL,NULL,NULL,'RICARDO RODRÍGUEZ','RICARDO RODRÍGUEZ',NULL,80,NULL,12,'1',NULL,NULL,NULL),(484,NULL,NULL,NULL,'JOHAN MOJICA','JOHAN MOJICA',NULL,78,NULL,12,'1',NULL,NULL,NULL),(485,NULL,NULL,NULL,'NEMANJA MATIC','NEMANJA MATIC',NULL,83,NULL,12,'1',NULL,NULL,NULL),(486,NULL,NULL,NULL,'MOUSSADEMBELE','MOUSSADEMBELE',NULL,82,NULL,12,'1',NULL,NULL,NULL),(487,NULL,NULL,NULL,'CHARLES ARANGUIZ','CHARLES ARANGUIZ',NULL,82,NULL,12,'1',NULL,NULL,NULL),(488,NULL,NULL,NULL,'SAMUEL CASTILLEJO AZUAGA','SAMUEL CASTILLEJO AZUAGA',NULL,81,NULL,12,'1',NULL,NULL,NULL),(489,NULL,NULL,NULL,'MANUEL LANZINI','MANUEL LANZINI',NULL,80,NULL,12,'1',NULL,NULL,NULL),(490,NULL,NULL,NULL,'RAFAEL ALCANTARA','RAFAEL ALCANTARA',NULL,82,NULL,12,'1',NULL,NULL,NULL),(491,NULL,NULL,NULL,'BERNARD ANICIO CALDEIRA','BERNARD ANICIO CALDEIRA',NULL,80,NULL,12,'1',NULL,NULL,NULL),(492,NULL,NULL,NULL,'AMINE HARIT','AMINE HARIT',NULL,74,NULL,12,'1',NULL,NULL,NULL),(493,NULL,NULL,NULL,'KANGIN LEE','KANGIN LEE',NULL,70,NULL,12,'1',NULL,NULL,NULL),(494,NULL,NULL,NULL,'LUIS FERNANDO DIAZ MARULANDA','LUIS FERNANDO DIAZ MARULANDA',NULL,73,NULL,12,'1',NULL,NULL,NULL),(495,NULL,NULL,NULL,'JOSÉ HERIBERTO IZQUIERDO MENA','JOSÉ HERIBERTO IZQUIERDO MENA',NULL,78,NULL,12,'1',NULL,NULL,NULL),(496,NULL,NULL,NULL,'LUIS ALBERTO ROMERO ALCONCHEL','LUIS ALBERTO ROMERO ALCONCHEL',NULL,82,NULL,12,'1',NULL,NULL,NULL),(497,NULL,NULL,NULL,'GERARD MORENO','GERARD MORENO',NULL,81,NULL,12,'1',NULL,NULL,NULL),(498,NULL,NULL,NULL,'KASPER DOLBERG','KASPER DOLBERG',NULL,77,NULL,12,'1',NULL,NULL,NULL),(499,NULL,NULL,NULL,'JUAN CAMILO HERNÁNDEZ','JUAN CAMILO HERNÁNDEZ',NULL,75,NULL,12,'1',NULL,NULL,NULL),(500,NULL,NULL,NULL,'S. Agüero','S. Agüero',NULL,89,0,27,'1',NULL,NULL,'https://sofifa.com/player/153079/sergio-aguero/200010/');
/*!40000 ALTER TABLE `persona` ENABLE KEYS */;
UNLOCK TABLES;

--
-- Dumping data for table `persona_has_roles`
--

LOCK TABLES `persona_has_roles` WRITE;
/*!40000 ALTER TABLE `persona_has_roles` DISABLE KEYS */;
INSERT INTO `persona_has_roles` VALUES (11,1),(12,1),(13,1),(14,1),(15,1),(16,1),(17,1),(18,1),(19,1),(20,1),(21,1),(22,1),(23,1),(24,1),(25,1),(26,1),(27,1),(28,1),(29,1),(30,1),(31,1),(32,1),(33,1),(34,1),(35,1),(36,1),(37,1),(38,1),(39,1),(40,1),(41,1),(42,1),(43,1),(44,1),(45,1),(46,1),(47,1),(48,1),(49,1),(50,1),(51,1),(52,1),(53,1),(54,1),(55,1),(56,1),(57,1),(58,1),(59,1),(60,1),(61,1),(62,1),(63,1),(64,1),(65,1),(66,1),(67,1),(68,1),(69,1),(70,1),(71,1),(72,1),(73,1),(74,1),(75,1),(76,1),(77,1),(78,1),(79,1),(80,1),(81,1),(82,1),(83,1),(84,1),(85,1),(86,1),(87,1),(88,1),(89,1),(90,1),(91,1),(92,1),(93,1),(94,1),(95,1),(96,1),(97,1),(98,1),(99,1),(100,1),(101,1),(102,1),(103,1),(104,1),(105,1),(106,1),(107,1),(108,1),(109,1),(110,1),(111,1),(112,1),(113,1),(114,1),(115,1),(116,1),(117,1),(118,1),(119,1),(120,1),(121,1),(122,1),(123,1),(124,1),(125,1),(126,1),(127,1),(128,1),(129,1),(130,1),(131,1),(132,1),(133,1),(134,1),(135,1),(136,1),(137,1),(138,1),(139,1),(140,1),(141,1),(142,1),(143,1),(144,1),(145,1),(146,1),(147,1),(148,1),(149,1),(150,1),(151,1),(152,1),(153,1),(154,1),(155,1),(156,1),(157,1),(158,1),(159,1),(160,1),(161,1),(162,1),(163,1),(164,1),(165,1),(166,1),(167,1),(168,1),(169,1),(170,1),(171,1),(172,1),(173,1),(174,1),(175,1),(176,1),(177,1),(178,1),(179,1),(180,1),(181,1),(182,1),(183,1),(184,1),(185,1),(186,1),(187,1),(188,1),(189,1),(190,1),(191,1),(192,1),(193,1),(194,1),(195,1),(196,1),(197,1),(198,1),(199,1),(200,1),(201,1),(202,1),(203,1),(204,1),(205,1),(206,1),(207,1),(208,1),(209,1),(210,1),(211,1),(212,1),(213,1),(214,1),(215,1),(216,1),(217,1),(218,1),(219,1),(220,1),(221,1),(222,1),(223,1),(224,1),(225,1),(226,1),(227,1),(228,1),(229,1),(230,1),(231,1),(232,1),(233,1),(234,1),(235,1),(236,1),(237,1),(238,1),(239,1),(240,1),(241,1),(242,1),(243,1),(244,1),(245,1),(246,1),(247,1),(248,1),(249,1),(250,1),(251,1),(252,1),(253,1),(254,1),(255,1),(256,1),(257,1),(258,1),(259,1),(260,1),(261,1),(262,1),(263,1),(264,1),(265,1),(266,1),(267,1),(268,1),(269,1),(270,1),(271,1),(272,1),(273,1),(274,1),(275,1),(276,1),(277,1),(278,1),(279,1),(280,1),(281,1),(282,1),(283,1),(284,1),(285,1),(286,1),(287,1),(288,1),(289,1),(290,1),(291,1),(292,1),(293,1),(294,1),(295,1),(296,1),(297,1),(298,1),(299,1),(300,1),(301,1),(302,1),(303,1),(304,1),(305,1),(306,1),(307,1),(308,1),(309,1),(310,1),(311,1),(312,1),(313,1),(314,1),(315,1),(316,1),(317,1),(318,1),(319,1),(320,1),(321,1),(322,1),(323,1),(324,1),(325,1),(326,1),(327,1),(328,1),(329,1),(330,1),(331,1),(332,1),(333,1),(334,1),(335,1),(336,1),(337,1),(338,1),(339,1),(340,1),(341,1),(342,1),(343,1),(344,1),(345,1),(346,1),(347,1),(348,1),(349,1),(350,1),(351,1),(352,1),(353,1),(354,1),(355,1),(356,1),(357,1),(358,1),(359,1),(360,1),(361,1),(362,1),(363,1),(364,1),(365,1),(366,1),(367,1),(368,1),(369,1),(370,1),(371,1),(372,1),(373,1),(374,1),(375,1),(376,1),(377,1),(378,1),(379,1),(380,1),(381,1),(382,1),(383,1),(384,1),(385,1),(386,1),(387,1),(388,1),(389,1),(390,1),(391,1),(392,1),(393,1),(394,1),(395,1),(396,1),(397,1),(398,1),(399,1),(400,1),(401,1),(402,1),(403,1),(404,1),(405,1),(406,1),(407,1),(408,1),(409,1),(410,1),(411,1),(412,1),(413,1),(414,1),(415,1),(416,1),(417,1),(418,1),(419,1),(420,1),(421,1),(422,1),(423,1),(424,1),(425,1),(426,1),(427,1),(428,1),(429,1),(430,1),(431,1),(432,1),(433,1),(434,1),(435,1),(436,1),(437,1),(438,1),(439,1),(440,1),(441,1),(442,1),(443,1),(444,1),(445,1),(446,1),(447,1),(448,1),(449,1),(450,1),(451,1),(452,1),(453,1),(454,1),(455,1),(456,1),(457,1),(458,1),(459,1),(460,1),(461,1),(462,1),(463,1),(464,1),(465,1),(466,1),(467,1),(468,1),(469,1),(470,1),(471,1),(472,1),(473,1),(474,1),(475,1),(476,1),(477,1),(478,1),(479,1),(480,1),(481,1),(482,1),(483,1),(484,1),(485,1),(486,1),(487,1),(488,1),(489,1),(490,1),(491,1),(492,1),(493,1),(494,1),(495,1),(496,1),(497,1),(498,1),(499,1),(500,1);
/*!40000 ALTER TABLE `persona_has_roles` ENABLE KEYS */;
UNLOCK TABLES;

--
-- Dumping data for table `prestamos`
--

LOCK TABLES `prestamos` WRITE;
/*!40000 ALTER TABLE `prestamos` DISABLE KEYS */;
INSERT INTO `prestamos` VALUES (11,2,1,1),(13,10,1,2),(14,8,1,1),(14,10,1,2);
/*!40000 ALTER TABLE `prestamos` ENABLE KEYS */;
UNLOCK TABLES;

--
-- Dumping data for table `roles`
--

LOCK TABLES `roles` WRITE;
/*!40000 ALTER TABLE `roles` DISABLE KEYS */;
INSERT INTO `roles` VALUES (1,'Jugador','Jugador'),(2,'Manager','Manager'),(3,'Admin','Admin'),(4,'Usuario','Usuario');
/*!40000 ALTER TABLE `roles` ENABLE KEYS */;
UNLOCK TABLES;

--
-- Dumping data for table `sponsor`
--

LOCK TABLES `sponsor` WRITE;
/*!40000 ALTER TABLE `sponsor` DISABLE KEYS */;
INSERT INTO `sponsor` VALUES (1,'Arena Vision','Arena Vision',20000000,2,'C'),(2,'Capo Deportes','Capo Deportes',20000000,2,'C'),(3,'FutbolArg','FutbolArg',20000000,2,'C'),(4,'EliteGol','EliteGol',25000000,2,'B'),(5,'Rojadirecta','Rojadirecta',25000000,2,'B'),(6,'PirloTV','PirloTV',25000000,2,'B'),(7,'Bein Sports','Bein Sports',35000000,2,'A'),(8,'EuroSport','EuroSport',35000000,2,'A'),(9,'GolTV','GolTV',35000000,2,'A');
/*!40000 ALTER TABLE `sponsor` ENABLE KEYS */;
UNLOCK TABLES;

--
-- Dumping data for table `sponsor_has_concepto`
--

LOCK TABLES `sponsor_has_concepto` WRITE;
/*!40000 ALTER TABLE `sponsor_has_concepto` DISABLE KEYS */;
INSERT INTO `sponsor_has_concepto` VALUES (7,1),(8,1),(9,1),(7,2),(8,2),(9,2),(7,3),(8,3),(9,3),(7,4),(8,4),(9,4),(7,5),(8,5),(9,5),(7,6),(8,6),(9,6),(4,7),(5,7),(6,7),(4,8),(5,8),(6,8),(4,9),(5,9),(6,9),(4,10),(5,10),(6,10),(4,11),(5,11),(6,11),(4,12),(5,12),(6,12),(1,13),(2,13),(3,13),(1,14),(2,14),(3,14),(1,15),(2,15),(3,15),(1,16),(2,16),(3,16),(1,17),(2,17),(3,17),(1,18),(2,18),(3,18);
/*!40000 ALTER TABLE `sponsor_has_concepto` ENABLE KEYS */;
UNLOCK TABLES;

--
-- Dumping data for table `tipoconcepto`
--

LOCK TABLES `tipoconcepto` WRITE;
/*!40000 ALTER TABLE `tipoconcepto` DISABLE KEYS */;
INSERT INTO `tipoconcepto` VALUES (1,'ingreso','Ingreso'),(2,'egreso','egreso');
/*!40000 ALTER TABLE `tipoconcepto` ENABLE KEYS */;
UNLOCK TABLES;

--
-- Dumping data for table `torneos`
--

LOCK TABLES `torneos` WRITE;
/*!40000 ALTER TABLE `torneos` DISABLE KEYS */;
INSERT INTO `torneos` VALUES (1,'78 temporada','78 temporada',1),(2,'79','79 temporada',1),(5,'81','81 Temporada',1);
/*!40000 ALTER TABLE `torneos` ENABLE KEYS */;
UNLOCK TABLES;

--
-- Dumping data for table `usuarios`
--

LOCK TABLES `usuarios` WRITE;
/*!40000 ALTER TABLE `usuarios` DISABLE KEYS */;
INSERT INTO `usuarios` VALUES ('chelo',NULL,'$2a$10$0x/FjzZtmVNLSlFrHvfon.PsJlucbvLHgOB29VJ9qg4G7AM7YSsRi',10),('cheloMX',NULL,'$2a$10$jhjZfMgWgxMBkocAwSqWdegBFNqS41E1wDPRB378olLitYhn/PKym',10),('prueba',NULL,'$2a$10$0g5gZsOVGvuIovuMRcy1UessooZ4jeMttABOcMmP5o8E9ghSmTVdq',4),('prueba1',NULL,'$2a$10$dCUF4tbOcrxpJBLxZIliNOOcTBXtza.oW2GYHVCHa4g4oAf7uvaKe',NULL),('prueba2',NULL,'$2a$10$voplUy40RLaXITBNk3yCc.pNBxt5I4usNoGmLfKtXvJT7uG1ON6ee',NULL),('prueba3',NULL,'$2a$10$cBZmlMiXYA2eioLvyuIQkeYi1Y2pTi9rqG2H9m/XjZImEBvQO.xvK',NULL),('prueba4',NULL,'$2a$10$q00kZ.hNoQbBklGlRtiEyukfaJjnuQJc0nao7U1NoZaY3yfkIF66u',NULL),('prueba5',NULL,'$2a$10$qOjg44fs7hZDR/tX5uBOguRfxdHGe0BBoY1CEJGHu/iQVo5cdI8/K',NULL),('prueba6',NULL,'$2a$10$P4iZq2Y/lxEZaEOSzyegGuf/P/.w7.QoAejieHBiZ0cSfuICaq05W',NULL),('rafazava',NULL,'$2a$10$moVXDLtejSyRDBV0b1Fz.e5gxX07/1CLHYx58olD8TZ80i10AJqee',8),('zavaraf',NULL,'$2a$10$JTyvfmzJZzvLZOUuvnu82uuTOrf4CoVyn8sJuL8L.SnxSU1NfmHwG',2);
/*!40000 ALTER TABLE `usuarios` ENABLE KEYS */;
UNLOCK TABLES;

--
-- Dumping data for table `usuarios_has_roles`
--

LOCK TABLES `usuarios_has_roles` WRITE;
/*!40000 ALTER TABLE `usuarios_has_roles` DISABLE KEYS */;
INSERT INTO `usuarios_has_roles` VALUES ('chelo',2),('cheloMX',2),('prueba',2),('rafazava',2),('zavaraf',2),('zavaraf',3),('chelo',4),('cheloMX',4),('prueba',4),('prueba1',4),('prueba2',4),('prueba3',4),('prueba4',4),('prueba5',4),('prueba6',4),('rafazava',4);
/*!40000 ALTER TABLE `usuarios_has_roles` ENABLE KEYS */;
UNLOCK TABLES;

--
-- Dumping routines for database 'fifaxgamersbd'
--
/*!50003 DROP PROCEDURE IF EXISTS `addGoles` */;
/*!50003 SET @saved_cs_client      = @@character_set_client */ ;
/*!50003 SET @saved_cs_results     = @@character_set_results */ ;
/*!50003 SET @saved_col_connection = @@collation_connection */ ;
/*!50003 SET character_set_client  = utf8 */ ;
/*!50003 SET character_set_results = utf8 */ ;
/*!50003 SET collation_connection  = utf8_general_ci */ ;
/*!50003 SET @saved_sql_mode       = @@sql_mode */ ;
/*!50003 SET sql_mode              = 'STRICT_TRANS_TABLES,NO_AUTO_CREATE_USER,NO_ENGINE_SUBSTITUTION' */ ;
DELIMITER ;;
CREATE DEFINER=`root`@`localhost` PROCEDURE `addGoles`(IN idJornada int ,
							   IN id int , 
                               IN idJugador int,
                               IN idEquipo int,
                               out isError int, 
                               out message varchar(200)
                            )
BEGIN


DECLARE jornadaVal int;
DECLARE idjornadaVal int;
DECLARE golesLocal int;
DECLARE golesVisita int;
declare equipoLocal int;
declare equipoVisita int;




set isError = 1 ;
set message = 'No se pudo agregar';

INSERT INTO `fifaxgamersbd`.`golesjornadas`
(`id`,
`persona_idPersona`,
`updatedate`,
`equipos_idEquipo`,
`jornadas_has_equipos_id`,
`jornadas_has_equipos_jornadas_idJornada`
)
VALUES
(null,
idJugador,
sysdate(),
idEquipo,
id,
idJornada
);

select jhe.equipos_idEquipoLocal ,jhe.equipos_idEquipoVisita into equipoLocal, equipoVisita
from jornadas_has_equipos jhe 
where jhe.jornadas_idJornada = idJornada
and jhe.id = id;



select count( equipos.idEquipo) goles into golesLocal
from golesjornadas
join persona on persona.idPersona = golesjornadas.persona_idPersona
join equipos on equipos.idEquipo = golesjornadas.equipos_idEquipo
where golesjornadas.jornadas_has_equipos_jornadas_idJornada = idJornada
and equipos.idEquipo in (equipoLocal);


select count( equipos.idEquipo) goles into golesVisita
from golesjornadas
join persona on persona.idPersona = golesjornadas.persona_idPersona
join equipos on equipos.idEquipo = golesjornadas.equipos_idEquipo
where golesjornadas.jornadas_has_equipos_jornadas_idJornada = idJornada
and equipos.idEquipo in (equipoVisita);

call updateResultadoJornada(idJornada,equipoLocal,equipoVisita,golesLocal,golesVisita);


set isError = 0 ;
set message = 'OK';


END ;;
DELIMITER ;
/*!50003 SET sql_mode              = @saved_sql_mode */ ;
/*!50003 SET character_set_client  = @saved_cs_client */ ;
/*!50003 SET character_set_results = @saved_cs_results */ ;
/*!50003 SET collation_connection  = @saved_col_connection */ ;
/*!50003 DROP PROCEDURE IF EXISTS `addImagen` */;
/*!50003 SET @saved_cs_client      = @@character_set_client */ ;
/*!50003 SET @saved_cs_results     = @@character_set_results */ ;
/*!50003 SET @saved_col_connection = @@collation_connection */ ;
/*!50003 SET character_set_client  = utf8 */ ;
/*!50003 SET character_set_results = utf8 */ ;
/*!50003 SET collation_connection  = utf8_general_ci */ ;
/*!50003 SET @saved_sql_mode       = @@sql_mode */ ;
/*!50003 SET sql_mode              = 'STRICT_TRANS_TABLES,NO_AUTO_CREATE_USER,NO_ENGINE_SUBSTITUTION' */ ;
DELIMITER ;;
CREATE DEFINER=`root`@`localhost` PROCEDURE `addImagen`(IN idJornada int ,
							   IN id int , 
                               IN idEquipo int,
                               IN img varchar(300),
                               out isError int, 
                               out message varchar(200)
                            )
BEGIN


set isError = 1 ;
set message = 'No se pudo agregar';

if img is not null and img !='' then
INSERT INTO `fifaxgamersbd`.`imagenesjornadas`
(`id`,
`jornadas_has_equipos_id`,
`jornadas_has_equipos_jornadas_idJornada`,
`imgJornada`)
VALUES
(null,
id,
idJornada,
img);



set isError = 0 ;
set message = 'OK';

end if;

END ;;
DELIMITER ;
/*!50003 SET sql_mode              = @saved_sql_mode */ ;
/*!50003 SET character_set_client  = @saved_cs_client */ ;
/*!50003 SET character_set_results = @saved_cs_results */ ;
/*!50003 SET collation_connection  = @saved_col_connection */ ;
/*!50003 DROP PROCEDURE IF EXISTS `confirmPlayer` */;
/*!50003 SET @saved_cs_client      = @@character_set_client */ ;
/*!50003 SET @saved_cs_results     = @@character_set_results */ ;
/*!50003 SET @saved_col_connection = @@collation_connection */ ;
/*!50003 SET character_set_client  = utf8 */ ;
/*!50003 SET character_set_results = utf8 */ ;
/*!50003 SET collation_connection  = utf8_general_ci */ ;
/*!50003 SET @saved_sql_mode       = @@sql_mode */ ;
/*!50003 SET sql_mode              = 'STRICT_TRANS_TABLES,NO_AUTO_CREATE_USER,NO_ENGINE_SUBSTITUTION' */ ;
DELIMITER ;;
CREATE DEFINER=`root`@`localhost` PROCEDURE `confirmPlayer`(IN idJugador INT,
                            IN idEquipoOferta INT,
                            IN idTorneo INT,
                            out isError int, 
                            out message varchar(200))
BEGIN

DECLARE idJugadorVal int;
DECLARE idJugadorExist int;
DECLARE idEquipoExist int;

DECLARE idEquipoVar int;
DECLARE idTorneoVar int;
declare activoVar bit;
declare horasConfir int;


select draftpc.Persona_idPersona,draftpc.idEquipo into  idJugadorVal,idEquipoVar
from draftpc
where draftpc.Persona_idPersona = idJugador and draftpc.Torneos_idTorneo = idTorneo;

select persona.idPersona , persona.Equipos_idEquipo into  idJugadorExist, idEquipoExist
from persona
where persona.idPersona = idJugador;

set  idTorneoVar = idTorneo;



select monto into horasConfir
from configuraciondraft
where codigo='confirmacionDraft'
limit 1;

SELECT timestampdiff(Minute, fechaCompra, now()) >= horasConfir as activo INTO activoVar
FROM draftpc
where draftpc.Persona_idPersona =  idJugadorVal
and Torneos_idTorneo = idTorneoVar
;

select idJugadorVal;

if idJugadorExist is null then 
	set isError = 1 ;
  set message = 'El jugador no Existe';
  
elseif activoVar = 0 then 
	set isError = 1 ;
    set message = 'Aun no concluye el tiempo para confirmar';
elseif idEquipoVar != idEquipoOferta then
	set isError = 1 ;
    set message = 'Solamente el equipo que gano al jugador puede confirmar';

elseif idEquipoExist = idEquipoVar then
	set isError = 1 ;
    set message = 'El Jugador y se confirmo';
	

elseif idJugador is not null then 
	 
     UPDATE `fifaxgamersbd`.`persona`
	SET
	  `Equipos_idEquipo` = idEquipoVar

	WHERE `idPersona` = idJugador;
	
    
    set isError = 0 ;
	set message = 'OK';
    
    
end if;


END ;;
DELIMITER ;
/*!50003 SET sql_mode              = @saved_sql_mode */ ;
/*!50003 SET character_set_client  = @saved_cs_client */ ;
/*!50003 SET character_set_results = @saved_cs_results */ ;
/*!50003 SET collation_connection  = @saved_col_connection */ ;
/*!50003 DROP PROCEDURE IF EXISTS `crearJornada` */;
/*!50003 SET @saved_cs_client      = @@character_set_client */ ;
/*!50003 SET @saved_cs_results     = @@character_set_results */ ;
/*!50003 SET @saved_col_connection = @@collation_connection */ ;
/*!50003 SET character_set_client  = utf8 */ ;
/*!50003 SET character_set_results = utf8 */ ;
/*!50003 SET collation_connection  = utf8_general_ci */ ;
/*!50003 SET @saved_sql_mode       = @@sql_mode */ ;
/*!50003 SET sql_mode              = 'STRICT_TRANS_TABLES,NO_AUTO_CREATE_USER,NO_ENGINE_SUBSTITUTION' */ ;
DELIMITER ;;
CREATE DEFINER=`root`@`localhost` PROCEDURE `crearJornada`(IN equipoLocal int , 
                               IN equipoVisita int,
							   IN numJornada INT,
                               IN torneo INT,
                               IN division int,
                               IN liga int,
                               IN activa int,
                               IN id int,
                               out isError int, 
                               out message varchar(200))
BEGIN

-- Opcion 1, crear jornadas, opcion 2 activar Jornadas

DECLARE jornadaVal int;
DECLARE idjornadaVal int;
DECLARE idjornadaValInsert int;
declare idJ int;

set isError = 1 ;
set message = 'El jugador no Existe';


select jornadas.idJornada into idjornadaVal
from jornadas
where jornadas.numeroJornada = numJornada
and jornadas.torneos_idTorneo = torneo
and jornadas.liga_idLiga = liga
and jornadas.division_idDivision = division;




if idjornadaVal is null then

INSERT INTO `fifaxgamersbd`.`jornadas`
(`idJornada`,
`torneos_idTorneo`,
`division_idDivision`,
`numeroJornada`,
`liga_idLiga`,
`activa`)
VALUES
(null,
torneo,
division,
numJornada,
liga,
activa
);

else if idjornadaVal is not null then

UPDATE `fifaxgamersbd`.`jornadas`
SET
`activa` = activa

WHERE `idJornada` = idjornadaVal AND `division_idDivision` = division;
end if;


end if;

select jornadas.idJornada into idjornadaVal
from jornadas
where jornadas.numeroJornada = numJornada
and jornadas.torneos_idTorneo = torneo
and jornadas.liga_idLiga = liga
and jornadas.division_idDivision = division;


select hje.id into idJ
from jornadas_has_equipos hje
where hje.id = id 
and hje.equipos_idEquipoLocal = equipoLocal
and hje.equipos_idEquipoVisita = equipoVisita
and hje.jornadas_idJornada = idjornadaVal;

if idJ is null then 

INSERT INTO `fifaxgamersbd`.`jornadas_has_equipos`
(`id`,
`jornadas_idJornada`,
`equipos_idEquipoLocal`,
`equipos_idEquipoVisita`)
VALUES
(null,
idjornadaVal,
equipoLocal,
equipoVisita);

end if;

set isError = 0 ;
set message = 'OK';



END ;;
DELIMITER ;
/*!50003 SET sql_mode              = @saved_sql_mode */ ;
/*!50003 SET character_set_client  = @saved_cs_client */ ;
/*!50003 SET character_set_results = @saved_cs_results */ ;
/*!50003 SET collation_connection  = @saved_col_connection */ ;
/*!50003 DROP PROCEDURE IF EXISTS `crearJugador` */;
/*!50003 SET @saved_cs_client      = @@character_set_client */ ;
/*!50003 SET @saved_cs_results     = @@character_set_results */ ;
/*!50003 SET @saved_col_connection = @@collation_connection */ ;
/*!50003 SET character_set_client  = utf8 */ ;
/*!50003 SET character_set_results = utf8 */ ;
/*!50003 SET collation_connection  = utf8_general_ci */ ;
/*!50003 SET @saved_sql_mode       = @@sql_mode */ ;
/*!50003 SET sql_mode              = 'STRICT_TRANS_TABLES,NO_AUTO_CREATE_USER,NO_ENGINE_SUBSTITUTION' */ ;
DELIMITER ;;
CREATE DEFINER=`root`@`localhost` PROCEDURE `crearJugador`(IN nombreCompleto varchar(200) , IN sobrenonbre varchar(200),IN raiting INT,IN idEquipo INT,IN link varchar(200))
BEGIN


INSERT INTO `fifaxgamersbd`.`persona`
(`idPersona`,
`NombreCompleto`,
`sobrenombre`,
`fehaNacimiento`,
`Raiting`,
`potencial`,
`Equipos_idEquipo`,
`activo`,
`link`)    

VALUES
(null,
        nombreCompleto,
		sobrenonbre,
        null,
        raiting,
        0,
        idEquipo,
        1,
        link
	    );
    
        
INSERT INTO `fifaxgamersbd`.`persona_has_roles`
(`Persona_idPersona`,
`Roles_idRoles`)
VALUES
((SELECT persona.idPersona
FROM persona
ORDER by persona.idPersona DESC limit 1),
1);



        

END ;;
DELIMITER ;
/*!50003 SET sql_mode              = @saved_sql_mode */ ;
/*!50003 SET character_set_client  = @saved_cs_client */ ;
/*!50003 SET character_set_results = @saved_cs_results */ ;
/*!50003 SET collation_connection  = @saved_col_connection */ ;
/*!50003 DROP PROCEDURE IF EXISTS `createInitialDraft` */;
/*!50003 SET @saved_cs_client      = @@character_set_client */ ;
/*!50003 SET @saved_cs_results     = @@character_set_results */ ;
/*!50003 SET @saved_col_connection = @@collation_connection */ ;
/*!50003 SET character_set_client  = utf8 */ ;
/*!50003 SET character_set_results = utf8 */ ;
/*!50003 SET collation_connection  = utf8_general_ci */ ;
/*!50003 SET @saved_sql_mode       = @@sql_mode */ ;
/*!50003 SET sql_mode              = 'STRICT_TRANS_TABLES,NO_AUTO_CREATE_USER,NO_ENGINE_SUBSTITUTION' */ ;
DELIMITER ;;
CREATE DEFINER=`root`@`localhost` PROCEDURE `createInitialDraft`(IN idJugador INT,
									IN montoOferta INT,
                                    IN manager varchar(100),
                                    IN observaciones varchar(100), 
                                    IN idEquipoOferta INT,
                                    IN idTorneo INT,
                                    out isError int, 
                                    out message varchar(200))
BEGIN

DECLARE idJugadorVal int;
DECLARE idJugadorExist int;
DECLARE montoBD int;
DECLARE idTorneoVar int;
DECLARE sumaDraftPC int;
DECLARE ofertaInicial int;


select draftpc.Persona_idPersona into  idJugadorVal
from draftpc
where draftpc.Persona_idPersona = idJugador and draftpc.Torneos_idTorneo = idTorneo;

select persona.idPersona into idJugadorExist
from persona
where persona.idPersona = idJugador;

set idTorneoVar = idTorneo;


select dat.presupuestoFinal into montoBD
from datosfinancieros dat
where dat.Equipos_idEquipo = idEquipoOferta
and dat.Torneos_idTorneo = idTorneoVar;

select monto into ofertaInicial
from configuraciondraft
where codigo='ofertaInicial'
limit 1;

select idJugadorVal;

if idJugadorExist is null then 
	set isError = 1 ;
  set message = 'El jugador no Existe';
elseif  montoBD is null or montoBD < montoOferta then 
  set isError = 1 ;
  set message = 'Revisa tus finanzas fondos insuficientes1' ;
elseif idJugadorVal is not null then
  set isError = 1 ;
  set message = 'El jugador ya se esta ofertando';

elseif montoOferta is null or montoOferta = 0 or montoOferta < ofertaInicial then 
  set isError = 1 ;
  set message = concat('El monto no es correcto el monto minimo es :',ofertaInicial);

elseif manager is null  then 
  set isError = 1 ;
  set message = 'El manager es incorrecto';

elseif idJugador is not null then 
	INSERT INTO `fifaxgamersbd`.`draftpc`
	(`idDraftPC`,
	`oferta`,
	`Persona_idPersona`,
	`fechaCompra`,
	`usuarioOferta`,
	`Torneos_idTorneo`,
	`comentarios`,
	`abierto`,
    `ofertaFinal`,
    `idEquipo`)
	VALUES
	(1,
	montoOferta,
	idJugador,
	SYSDATE(),
	manager,
	(select idTorneo from torneos order by torneos.idTorneo desc limit 1),
	observaciones,
	1,
    montoOferta,
    idEquipoOferta);
    
    INSERT INTO `fifaxgamersbd`.`historicodraft`
		(`idHistoricoDraft`,
		`oferta`,
		`fechaOferta`,
		`usuarioOferta`,
		`DraftPC_idDraftPC`,
		`DraftPC_Persona_idPersona`,
		`Torneos_idTorneo`,
		`comentarios`,
		`ofertaFinal`,
        `idEquipo`)
		(select null,
			draftpc.oferta,
			draftpc.fechaCompra,
			draftpc.usuarioOferta,
			draftpc.idDraftPC,
			draftpc.Persona_idPersona,
			draftpc.Torneos_idTorneo,
			draftpc.comentarios,
			draftpc.ofertaFinal,
            draftpc.idEquipo
			from draftpc
		where draftpc.Persona_idPersona = idJugador
        and draftpc.Torneos_idTorneo = (select idTorneo from torneos order by torneos.idTorneo desc limit 1)
        and draftpc.idDraftPC = 1
        limit 1);
        
        select sum(draftpc.ofertaFinal) into sumaDraftPC
		from draftpc
		where draftpc.idEquipo = idEquipoOferta;
        
        call createOrUpdateDatosFinancieros((select idCatalogoConceptos from catalogoconceptos
											where nombre = 'altasPC' limit 1), 
                                            sumaDraftPC,
                                            idEquipoOferta);

    
    set isError = 0 ;
	set message = 'OK';
    
    
end if;


END ;;
DELIMITER ;
/*!50003 SET sql_mode              = @saved_sql_mode */ ;
/*!50003 SET character_set_client  = @saved_cs_client */ ;
/*!50003 SET character_set_results = @saved_cs_results */ ;
/*!50003 SET collation_connection  = @saved_col_connection */ ;
/*!50003 DROP PROCEDURE IF EXISTS `createOrUpdateDatosFinancieros` */;
/*!50003 SET @saved_cs_client      = @@character_set_client */ ;
/*!50003 SET @saved_cs_results     = @@character_set_results */ ;
/*!50003 SET @saved_col_connection = @@collation_connection */ ;
/*!50003 SET character_set_client  = utf8 */ ;
/*!50003 SET character_set_results = utf8 */ ;
/*!50003 SET collation_connection  = utf8_general_ci */ ;
/*!50003 SET @saved_sql_mode       = @@sql_mode */ ;
/*!50003 SET sql_mode              = 'STRICT_TRANS_TABLES,NO_AUTO_CREATE_USER,NO_ENGINE_SUBSTITUTION' */ ;
DELIMITER ;;
CREATE DEFINER=`root`@`localhost` PROCEDURE `createOrUpdateDatosFinancieros`(IN idDatos INT, IN monto INT,IN idEquipo INT)
BEGIN

DECLARE idTorneoVar int;
DECLARE idDatosVar  int;
DECLARE isUpdate  int;

select idTorneo into idTorneoVar
from torneos
order by torneos.idTorneo desc
limit 1;


select datos.idDatosFinancieros INTO idDatosVar
from datosfinancieros datos
where datos.Equipos_idEquipo = idEquipo 

and datos.Torneos_idTorneo = idTorneoVar
limit 1
;

select con.idConceptosFinancieros into isUpdate
from conceptosfinancieros con
where con.CatalogoConceptos_idCatalogoConceptos = idDatos
and con.DatosFinancieros_idDatosFinancieros = idDatosVar
and con.DatosFinancieros_Equipos_idEquipo = idEquipo

and con.DatosFinancieros_Torneos_idTorneo = idTorneoVar;

	IF isUpdate is null or isUpdate = 0  then





	INSERT INTO `fifaxgamersbd`.`conceptosfinancieros`
		(`idConceptosFinancieros`,
		`DatosFinancieros_idDatosFinancieros`,
		`monto`,
		`CatalogoConceptos_idCatalogoConceptos`,
        `DatosFinancieros_Equipos_idEquipo`,
        
        `DatosFinancieros_Torneos_idTorneo`)
		VALUES
		(null,
        idDatosVar,
		monto,
		idDatos,
        idEquipo,
        
        idTorneoVar);
    
    elseif isUpdate is not null then
    
		UPDATE `fifaxgamersbd`.`conceptosfinancieros`
		SET	`monto` = monto
		WHERE `idConceptosFinancieros` = isUpdate 
		AND `DatosFinancieros_idDatosFinancieros` = idDatosVar 
		AND `CatalogoConceptos_idCatalogoConceptos` = idDatos
        and `DatosFinancieros_Equipos_idEquipo` = idEquipo
		
		and `DatosFinancieros_Torneos_idTorneo` = idTorneoVar;

	
	END IF;



END ;;
DELIMITER ;
/*!50003 SET sql_mode              = @saved_sql_mode */ ;
/*!50003 SET character_set_client  = @saved_cs_client */ ;
/*!50003 SET character_set_results = @saved_cs_results */ ;
/*!50003 SET collation_connection  = @saved_col_connection */ ;
/*!50003 DROP PROCEDURE IF EXISTS `createOrUpdateDatosSponsor` */;
/*!50003 SET @saved_cs_client      = @@character_set_client */ ;
/*!50003 SET @saved_cs_results     = @@character_set_results */ ;
/*!50003 SET @saved_col_connection = @@collation_connection */ ;
/*!50003 SET character_set_client  = utf8 */ ;
/*!50003 SET character_set_results = utf8 */ ;
/*!50003 SET collation_connection  = utf8_general_ci */ ;
/*!50003 SET @saved_sql_mode       = @@sql_mode */ ;
/*!50003 SET sql_mode              = 'STRICT_TRANS_TABLES,NO_AUTO_CREATE_USER,NO_ENGINE_SUBSTITUTION' */ ;
DELIMITER ;;
CREATE DEFINER=`root`@`localhost` PROCEDURE `createOrUpdateDatosSponsor`(IN idEquipo INT, IN idSponsor INT, IN opcionales INT)
BEGIN

DECLARE idTorneoVar int;
DECLARE idDatosVar  int;

select idTorneo into idTorneoVar
from torneos
order by torneos.idTorneo desc
limit 1;

select idTorneoVar;

select datos.idDatosFinancieros INTO idDatosVar
from datosfinancieros datos
where datos.Equipos_idEquipo = idEquipo 
and datos.Torneos_idTorneo = idTorneoVar
limit 1
;

select idDatosVar;

IF idTorneoVar is not null  and idDatosVar is null then
   INSERT INTO `fifaxgamersbd`.`datosfinancieros`
(`idDatosFinancieros`,
`presupuestoInicial`,
`presupuestoFinal`,
`Equipos_idEquipo`,
`Torneos_idTorneo`,
`sponsorOpcional`)
VALUES
(1,
0,
0,
idEquipo,
idTorneoVar,
opcionales);

elseif idDatosVar is not null then

UPDATE `fifaxgamersbd`.`datosfinancieros`
SET 
`sponsorOpcional` = opcionales
WHERE  `Equipos_idEquipo` = idEquipo
AND `Torneos_idTorneo` = idTorneoVar;


END IF;

	IF opcionales = 0 then 
    
    INSERT INTO `fifaxgamersbd`.`dadosfinancierossponsor`
	(`DatosFinancieros_idDatosFinancieros`,
	`DatosFinancieros_Equipos_idEquipo`,
	`DatosFinancieros_Torneos_idTorneo`,
	`Sponsor_idSponsor`,
	`ConceptoSponsor_idConcepto`,
	`cumplio`)
	select 1,idEquipo,idTorneoVar,idSponsor,cons.idConcepto,0
			from sponsor
			join sponsor_has_concepto sponc on sponsor.idSponsor = sponc.Sponsor_idSponsor
			join conceptosponsor cons on sponc.Concepto_idConcepto = cons.idConcepto
			where sponsor.idSponsor = idSponsor
			and cons.opcional = opcionales;

        
	ELSEIF opcionales = 1 then
		INSERT INTO `fifaxgamersbd`.`dadosfinancierossponsor`
			(`DatosFinancieros_idDatosFinancieros`,
			`DatosFinancieros_Equipos_idEquipo`,
			`DatosFinancieros_Torneos_idTorneo`,
			`Sponsor_idSponsor`,
			`ConceptoSponsor_idConcepto`,
			`cumplio`)
		select 1,idEquipo,idTorneoVar,idSponsor,cons.idConcepto,0
        from sponsor
        join sponsor_has_concepto sponc on sponsor.idSponsor = sponc.Sponsor_idSponsor
		join conceptosponsor cons on sponc.Concepto_idConcepto = cons.idConcepto
		where sponsor.idSponsor = idSponsor
		;
	END IF;



END ;;
DELIMITER ;
/*!50003 SET sql_mode              = @saved_sql_mode */ ;
/*!50003 SET character_set_client  = @saved_cs_client */ ;
/*!50003 SET character_set_results = @saved_cs_results */ ;
/*!50003 SET collation_connection  = @saved_col_connection */ ;
/*!50003 DROP PROCEDURE IF EXISTS `createOrUpdateObjetivos` */;
/*!50003 SET @saved_cs_client      = @@character_set_client */ ;
/*!50003 SET @saved_cs_results     = @@character_set_results */ ;
/*!50003 SET @saved_col_connection = @@collation_connection */ ;
/*!50003 SET character_set_client  = utf8 */ ;
/*!50003 SET character_set_results = utf8 */ ;
/*!50003 SET collation_connection  = utf8_general_ci */ ;
/*!50003 SET @saved_sql_mode       = @@sql_mode */ ;
/*!50003 SET sql_mode              = 'STRICT_TRANS_TABLES,NO_AUTO_CREATE_USER,NO_ENGINE_SUBSTITUTION' */ ;
DELIMITER ;;
CREATE DEFINER=`root`@`localhost` PROCEDURE `createOrUpdateObjetivos`(IN `json` JSON,IN idEquipo INT, IN idSponsor INT,IN idTorneo INT)
BEGIN

DECLARE `json_items` BIGINT UNSIGNED DEFAULT JSON_LENGTH(`json`);
  DECLARE `_index` BIGINT UNSIGNED DEFAULT 0;
  declare var varchar(200);
  declare cumplido varchar(100);
  declare cum int(10);
  
  select _index;
  

  WHILE `_index` < `json_items` DO
		set cumplido = '';
		select JSON_EXTRACT(`json`, CONCAT('$[', `_index`, '].id')) into var;
        select JSON_EXTRACT(`json`, CONCAT('$[', `_index`, '].cumplido')) into cumplido;
        
        select var, cumplido;
        
        IF cumplido = 'true' then
		
			set cum = 1;
		
        ELSEIF cumplido = 'false' then
        
			set cum = 0;
            
        end if;
        
        
        UPDATE `fifaxgamersbd`.`dadosfinancierossponsor`
		SET
		`cumplio` = cum
		WHERE `DatosFinancieros_idDatosFinancieros` = 1
        AND `DatosFinancieros_Equipos_idEquipo` = idEquipo
        AND `DatosFinancieros_Torneos_idTorneo` = idTorneo
        AND `Sponsor_idSponsor` = idSponsor
        AND `ConceptoSponsor_idConcepto` = var;

        
    SET `_index` := `_index` + 1;
    
    
  END WHILE;

  


END ;;
DELIMITER ;
/*!50003 SET sql_mode              = @saved_sql_mode */ ;
/*!50003 SET character_set_client  = @saved_cs_client */ ;
/*!50003 SET character_set_results = @saved_cs_results */ ;
/*!50003 SET collation_connection  = @saved_col_connection */ ;
/*!50003 DROP PROCEDURE IF EXISTS `createOrUpdatePresupuesto` */;
/*!50003 SET @saved_cs_client      = @@character_set_client */ ;
/*!50003 SET @saved_cs_results     = @@character_set_results */ ;
/*!50003 SET @saved_col_connection = @@collation_connection */ ;
/*!50003 SET character_set_client  = utf8 */ ;
/*!50003 SET character_set_results = utf8 */ ;
/*!50003 SET collation_connection  = utf8_general_ci */ ;
/*!50003 SET @saved_sql_mode       = @@sql_mode */ ;
/*!50003 SET sql_mode              = 'STRICT_TRANS_TABLES,NO_AUTO_CREATE_USER,NO_ENGINE_SUBSTITUTION' */ ;
DELIMITER ;;
CREATE DEFINER=`root`@`localhost` PROCEDURE `createOrUpdatePresupuesto`(IN idEquipo INT,  IN monto INT, IN montoFinal INT,
										  IN montoFinalSponsor INT,
                                          IN idTorneo INT)
BEGIN

DECLARE idTorneoVar int;
DECLARE idDatosVar  int;
DECLARE isUpdate  int;


set idTorneoVar = idTorneo;

select datos.idDatosFinancieros INTO idDatosVar
from datosfinancieros datos
where datos.Equipos_idEquipo = idEquipo 
and datos.Torneos_idTorneo = idTorneoVar;



if idDatosVar is null then 

INSERT INTO `fifaxgamersbd`.`datosfinancieros`
(`idDatosFinancieros`,
`presupuestoInicial`,
`presupuestoFinal`,
`Equipos_idEquipo`,
`Torneos_idTorneo`,
`sponsorOpcional`,
`presupuestoFinalSponsor`)
VALUES
(1,
monto,
montoFinal,
idEquipo,
idTorneoVar,
0,
montoFinalSponsor);

else

UPDATE `fifaxgamersbd`.`datosfinancieros`
SET

`presupuestoInicial` = monto,
`presupuestoFinal` = montoFinal,
`presupuestoFinalSponsor` = montoFinalSponsor

WHERE `idDatosFinancieros` = idDatosVar 
AND `Equipos_idEquipo` = idEquipo

AND `Torneos_idTorneo` = idTorneoVar;

end if;

END ;;
DELIMITER ;
/*!50003 SET sql_mode              = @saved_sql_mode */ ;
/*!50003 SET character_set_client  = @saved_cs_client */ ;
/*!50003 SET character_set_results = @saved_cs_results */ ;
/*!50003 SET collation_connection  = @saved_col_connection */ ;
/*!50003 DROP PROCEDURE IF EXISTS `createPrestamo` */;
/*!50003 SET @saved_cs_client      = @@character_set_client */ ;
/*!50003 SET @saved_cs_results     = @@character_set_results */ ;
/*!50003 SET @saved_col_connection = @@collation_connection */ ;
/*!50003 SET character_set_client  = utf8 */ ;
/*!50003 SET character_set_results = utf8 */ ;
/*!50003 SET collation_connection  = utf8_general_ci */ ;
/*!50003 SET @saved_sql_mode       = @@sql_mode */ ;
/*!50003 SET sql_mode              = 'STRICT_TRANS_TABLES,NO_AUTO_CREATE_USER,NO_ENGINE_SUBSTITUTION' */ ;
DELIMITER ;;
CREATE DEFINER=`root`@`localhost` PROCEDURE `createPrestamo`(IN idJugador INT,IN idEquipo INT,IN idTorneo INT,IN opcion INT)
BEGIN

DECLARE idEquipoAnterior int;
DECLARE idJugadorVal int;

select prestamos.Persona_idPersona into idJugadorVal
from prestamos
where prestamos.Persona_idPersona = idJugador
and prestamos.Torneos_idTorneo = idTorneo;

IF opcion is null or opcion = 1 then 

	if(idJugadorVal is null) then

		select persona.Equipos_idEquipo into  idEquipoAnterior
		from persona
		where persona.idPersona = idJugador;

		select idEquipoAnterior;

		UPDATE `fifaxgamersbd`.`persona`
		SET
		`Equipos_idEquipo` = idEquipo,
		`prestamo` = 1
		WHERE `idPersona` = idJugador;


		INSERT INTO `fifaxgamersbd`.`prestamos`
		(`Persona_idPersona`,
		`Equipos_idEquipo`,
        `Torneos_idTorneo`,
		`activo`)
		VALUES
		(idJugador,
		idEquipoAnterior,
        idTorneo,
		1);

	END IF;

elseif opcion = 2 then

	select prestamos.Equipos_idEquipo  into  idEquipoAnterior
	from prestamos
	where prestamos.Persona_idPersona  = idJugador;
    
    UPDATE `fifaxgamersbd`.`persona`
		SET
		`Equipos_idEquipo` = idEquipoAnterior,
		`prestamo` = 0
		WHERE `idPersona` = idJugadorVal and `Torneos_idTorneo` = idTorneo;

	delete from prestamos 
    where prestamos.Persona_idPersona = idJugadorVal
    and prestamos.Equipos_idEquipo = idEquipoAnterior
    and prestamos.Torneos_idTorneo = idTorneo;

end if;

END ;;
DELIMITER ;
/*!50003 SET sql_mode              = @saved_sql_mode */ ;
/*!50003 SET character_set_client  = @saved_cs_client */ ;
/*!50003 SET character_set_results = @saved_cs_results */ ;
/*!50003 SET collation_connection  = @saved_col_connection */ ;
/*!50003 DROP PROCEDURE IF EXISTS `createTorneo` */;
/*!50003 SET @saved_cs_client      = @@character_set_client */ ;
/*!50003 SET @saved_cs_results     = @@character_set_results */ ;
/*!50003 SET @saved_col_connection = @@collation_connection */ ;
/*!50003 SET character_set_client  = utf8 */ ;
/*!50003 SET character_set_results = utf8 */ ;
/*!50003 SET collation_connection  = utf8_general_ci */ ;
/*!50003 SET @saved_sql_mode       = @@sql_mode */ ;
/*!50003 SET sql_mode              = 'STRICT_TRANS_TABLES,NO_AUTO_CREATE_USER,NO_ENGINE_SUBSTITUTION' */ ;
DELIMITER ;;
CREATE DEFINER=`root`@`localhost` PROCEDURE `createTorneo`( IN nombreTorneo varchar(200) , IN descripcionTorneo varchar(200))
BEGIN

DECLARE idTorneoVar int;

INSERT INTO `fifaxgamersbd`.`torneos`
(
`NombreTorneo`,
`Descripcion`)
VALUES
(
NombreTorneo,
descripcionTorneo);

select idTorneo into idTorneoVar
from torneos
order by torneos.idTorneo desc
limit 1;

INSERT INTO `fifaxgamersbd`.`equipos_has_torneos`
(`Equipos_idEquipo`,
`Torneos_idTorneo`)
(select idEquipo,idTorneoVar 
from equipos);



END ;;
DELIMITER ;
/*!50003 SET sql_mode              = @saved_sql_mode */ ;
/*!50003 SET character_set_client  = @saved_cs_client */ ;
/*!50003 SET character_set_results = @saved_cs_results */ ;
/*!50003 SET collation_connection  = @saved_col_connection */ ;
/*!50003 DROP PROCEDURE IF EXISTS `modificarJugador` */;
/*!50003 SET @saved_cs_client      = @@character_set_client */ ;
/*!50003 SET @saved_cs_results     = @@character_set_results */ ;
/*!50003 SET @saved_col_connection = @@collation_connection */ ;
/*!50003 SET character_set_client  = utf8 */ ;
/*!50003 SET character_set_results = utf8 */ ;
/*!50003 SET collation_connection  = utf8_general_ci */ ;
/*!50003 SET @saved_sql_mode       = @@sql_mode */ ;
/*!50003 SET sql_mode              = 'STRICT_TRANS_TABLES,NO_AUTO_CREATE_USER,NO_ENGINE_SUBSTITUTION' */ ;
DELIMITER ;;
CREATE DEFINER=`root`@`localhost` PROCEDURE `modificarJugador`(IN nombreCompleto varchar(200) , IN sobrenonbre varchar(200),IN raiting INT,IN idEquipo INT, IN idJugador INT,IN link varchar(300))
BEGIN


update persona set persona.NombreCompleto = nombreCompleto,
                   persona.sobrenombre = sobrenonbre,
                   persona.Raiting = raiting,
                   persona.Equipos_idEquipo = idEquipo,
                   persona.link = link
where persona.idPersona = idJugador;
       

END ;;
DELIMITER ;
/*!50003 SET sql_mode              = @saved_sql_mode */ ;
/*!50003 SET character_set_client  = @saved_cs_client */ ;
/*!50003 SET character_set_results = @saved_cs_results */ ;
/*!50003 SET collation_connection  = @saved_col_connection */ ;
/*!50003 DROP PROCEDURE IF EXISTS `spTest` */;
/*!50003 SET @saved_cs_client      = @@character_set_client */ ;
/*!50003 SET @saved_cs_results     = @@character_set_results */ ;
/*!50003 SET @saved_col_connection = @@collation_connection */ ;
/*!50003 SET character_set_client  = utf8 */ ;
/*!50003 SET character_set_results = utf8 */ ;
/*!50003 SET collation_connection  = utf8_general_ci */ ;
/*!50003 SET @saved_sql_mode       = @@sql_mode */ ;
/*!50003 SET sql_mode              = 'STRICT_TRANS_TABLES,NO_AUTO_CREATE_USER,NO_ENGINE_SUBSTITUTION' */ ;
DELIMITER ;;
CREATE DEFINER=`root`@`localhost` PROCEDURE `spTest`()
BEGIN


select * from equipos;
select * from conceptosponsor;

 
END ;;
DELIMITER ;
/*!50003 SET sql_mode              = @saved_sql_mode */ ;
/*!50003 SET character_set_client  = @saved_cs_client */ ;
/*!50003 SET character_set_results = @saved_cs_results */ ;
/*!50003 SET collation_connection  = @saved_col_connection */ ;
/*!50003 DROP PROCEDURE IF EXISTS `updateDraft` */;
/*!50003 SET @saved_cs_client      = @@character_set_client */ ;
/*!50003 SET @saved_cs_results     = @@character_set_results */ ;
/*!50003 SET @saved_col_connection = @@collation_connection */ ;
/*!50003 SET character_set_client  = utf8 */ ;
/*!50003 SET character_set_results = utf8 */ ;
/*!50003 SET collation_connection  = utf8_general_ci */ ;
/*!50003 SET @saved_sql_mode       = @@sql_mode */ ;
/*!50003 SET sql_mode              = 'STRICT_TRANS_TABLES,NO_AUTO_CREATE_USER,NO_ENGINE_SUBSTITUTION' */ ;
DELIMITER ;;
CREATE DEFINER=`root`@`localhost` PROCEDURE `updateDraft`(IN idJugador INT,
							IN montoInicial INT,
                            IN montoOferta INT,
                            IN manager varchar(100),
                            IN observaciones varchar(100), 
                            IN idEquipoOferta INT,
                            IN idTorneo INT,
                            out isError int, 
                            out message varchar(200))
BEGIN

DECLARE idJugadorVal int;
DECLARE idJugadorExist int;
DECLARE montoFinalVal int;
DECLARE idEquipo int;
DECLARE idTorneoVar int;
DECLARE montoBD int;
DECLARE sumaDraftPC int;
DECLARE idEquipoAnterior int;
DECLARE contraoferta int;
declare activoVar bit;
declare minConfirm int;
declare horaInicio int;
declare horaFin int;
declare minDiaVar int;
declare diasVar int;
declare minDiaActualVar int;
declare sumaVar int;
declare sumaminutosdia_cero_Var int;
declare minDia_ceroVar int;


select draftpc.Persona_idPersona,draftpc.ofertaFinal into  idJugadorVal,montoFinalVal
from draftpc
where draftpc.Persona_idPersona = idJugador and draftpc.Torneos_idTorneo = idTorneo;

select persona.idPersona into idJugadorExist
from persona
where persona.idPersona = idJugador;

set idTorneoVar = idTorneo ;

select dat.presupuestoFinal into montoBD
from datosfinancieros dat
where dat.Equipos_idEquipo = idEquipoOferta
and dat.Torneos_idTorneo = idTorneoVar;

select monto into contraoferta
from configuraciondraft
where codigo='contraoferta'
limit 1;

select monto into minConfirm
from configuraciondraft
where codigo='confirmacionDraft'
limit 1;

select monto into horaInicio
from configuraciondraft
where codigo='horaInicio'
limit 1;


select monto into horaFin
from configuraciondraft
where codigo='horaFin'
limit 1;


select 
diasSe,
MINUTOSDIA_CERO,
minutosdia,
minutos_dia_actual,
(minutosdia+minutos_dia_actual) sumaminutosdia,
(minutosdia_cero+minutos_dia_actual) sumaminutosdia_cero
into 
diasVar ,
minDia_ceroVar,
minDiaVar ,
minDiaActualVar ,
sumaVar,
sumaminutosdia_cero_Var 
from
(
select 
draftpc.fechaCompra,
timestampdiff(day,DATE(draftpc.fechaCompra),Date(NOW())) as diasSe,
timestampdiff(MINUTE, draftpc.fechaCompra, now()) MINUTOSDIA_CERO,
timestampdiff(MINUTE, draftpc.fechaCompra, DATE_ADD(DATE(draftpc.fechaCompra),INTERVAL 24 HOUR)) MINUTOSDIA,
timestampdiff(MINUTE, DATE_ADD(DATE(now()),INTERVAL 9 HOUR), now()) Minutos_dia_Actual
from draftpc where draftpc.Persona_idPersona =  42 and draftpc.Torneos_idTorneo = 2) ta
;

select idJugadorVal;

if idJugadorExist is null then 
	set isError = 1 ;
  set message = 'El jugador no Existe';

  
elseif (diasVar = 1 and sumaVar >= minConfirm ) 
   or (diasVar = 0 and minDia_ceroVar >= minConfirm )
   
then 
	set isError = 1 ;
    set message = 'Ya no se puede ofertar este Jugador paso el tiempo para ofertar';

elseif montoBD is null or  montoOferta > montoBD then 
	set isError = 1 ;
  set message = 'Monto insuficiente';
elseif idJugadorVal is null then
  set isError = 1 ;
  set message = 'El jugador no Existe para ofertar';

elseif montoInicial != montoFinalVal then 
  set isError = 1 ;
  set message = 'El monto ya cambio favor de checar de nuevo la oferta';

elseif montoOferta is null or montoOferta <= montoFinalVal then 
  set isError = 1 ;
  set message = 'El monto no es correcto debe ser mayor';
  
elseif montoOferta < (contraoferta + montoFinalVal) then 
  set isError = 1 ;
  set message = concat('El monto minimo a ofertar es por : ',contraoferta);  

elseif manager is null  then 
  set isError = 1 ;
  set message = 'El manager es incorrecto';

elseif idJugador is not null then 
	 
     select draftpc.idEquipo into idEquipoAnterior
     from draftpc
     WHERE `idDraftPC` = 1
     AND `Persona_idPersona` = idJugador
     AND `Torneos_idTorneo` = (select idTorneo from torneos order by torneos.idTorneo desc limit 1);
	
    UPDATE `fifaxgamersbd`.`draftpc`
	SET
    `oferta`      = montoInicial,
	`ofertaFinal` = montoOferta,
	`fechaCompra` = sysdate(),
	`usuarioOferta` = manager,
	`comentarios` = observaciones,
    `idEquipo` = idEquipoOferta
	WHERE `idDraftPC` = 1
    AND `Persona_idPersona` = idJugador
    AND `Torneos_idTorneo` = (select idTorneo from torneos order by torneos.idTorneo desc limit 1);

	INSERT INTO `fifaxgamersbd`.`historicodraft`
		(`idHistoricoDraft`,
		`oferta`,
		`fechaOferta`,
		`usuarioOferta`,
		`DraftPC_idDraftPC`,
		`DraftPC_Persona_idPersona`,
		`Torneos_idTorneo`,
		`comentarios`,
		`ofertaFinal`,
        `idEquipo`)
		(select null,
			montoFinalVal,
			draftpc.fechaCompra,
			draftpc.usuarioOferta,
			draftpc.idDraftPC,
			draftpc.Persona_idPersona,
			draftpc.Torneos_idTorneo,
			draftpc.comentarios,
			montoOferta,
            draftpc.idEquipo
			from draftpc
		where draftpc.Persona_idPersona = idJugador
        and draftpc.Torneos_idTorneo = (select idTorneo from torneos order by torneos.idTorneo desc limit 1)
        and draftpc.idDraftPC = 1
        limit 1);
        
        select sum(draftpc.ofertaFinal) into sumaDraftPC
		from draftpc
		where draftpc.idEquipo = idEquipoOferta;
        
        call createOrUpdateDatosFinancieros((select idCatalogoConceptos from catalogoconceptos
											where nombre = 'altasPC' limit 1), 
                                            sumaDraftPC,
                                            idEquipoOferta);
                                            
		
        
        if idEquipoAnterior != idEquipoOferta then 
        
			select sum(draftpc.ofertaFinal) into sumaDraftPC
			from draftpc
			where draftpc.idEquipo = idEquipoAnterior;
			
            call createOrUpdateDatosFinancieros((select idCatalogoConceptos from catalogoconceptos
											where nombre = 'altasPC' limit 1), 
                                            sumaDraftPC,
                                            idEquipoAnterior);
		end if;
	
    
    set isError = 0 ;
	set message = 'OK';
    
    
end if;


END ;;
DELIMITER ;
/*!50003 SET sql_mode              = @saved_sql_mode */ ;
/*!50003 SET character_set_client  = @saved_cs_client */ ;
/*!50003 SET character_set_results = @saved_cs_results */ ;
/*!50003 SET collation_connection  = @saved_col_connection */ ;
/*!50003 DROP PROCEDURE IF EXISTS `updateResultadoJornada` */;
/*!50003 SET @saved_cs_client      = @@character_set_client */ ;
/*!50003 SET @saved_cs_results     = @@character_set_results */ ;
/*!50003 SET @saved_col_connection = @@collation_connection */ ;
/*!50003 SET character_set_client  = utf8 */ ;
/*!50003 SET character_set_results = utf8 */ ;
/*!50003 SET collation_connection  = utf8_general_ci */ ;
/*!50003 SET @saved_sql_mode       = @@sql_mode */ ;
/*!50003 SET sql_mode              = 'STRICT_TRANS_TABLES,NO_AUTO_CREATE_USER,NO_ENGINE_SUBSTITUTION' */ ;
DELIMITER ;;
CREATE DEFINER=`root`@`localhost` PROCEDURE `updateResultadoJornada`(IN idJornada int ,
							   IN equipoLocal int , 
                               IN equipoVisita int,
                               IN golesLocal int,
                               in golesVisita int)
BEGIN


DECLARE jornadaVal int;
DECLARE idjornadaVal int;



select jhe.id into jornadaVal
from jornadas_has_equipos jhe
where jhe.jornadas_idJornada = idJornada
and jhe.equipos_idEquipoLocal = equipoLocal
and jhe.equipos_idEquipoVisita = equipoVisita
;

UPDATE `fifaxgamersbd`.`jornadas_has_equipos`
SET
`golesLocal` = golesLocal,
`golesVisita` = golesVisita
WHERE `id` = jornadaVal
AND `jornadas_idJornada` = idJornada
;


END ;;
DELIMITER ;
/*!50003 SET sql_mode              = @saved_sql_mode */ ;
/*!50003 SET character_set_client  = @saved_cs_client */ ;
/*!50003 SET character_set_results = @saved_cs_results */ ;
/*!50003 SET collation_connection  = @saved_col_connection */ ;
/*!50003 DROP PROCEDURE IF EXISTS `updateUserManager` */;
/*!50003 SET @saved_cs_client      = @@character_set_client */ ;
/*!50003 SET @saved_cs_results     = @@character_set_results */ ;
/*!50003 SET @saved_col_connection = @@collation_connection */ ;
/*!50003 SET character_set_client  = utf8 */ ;
/*!50003 SET character_set_results = utf8 */ ;
/*!50003 SET collation_connection  = utf8_general_ci */ ;
/*!50003 SET @saved_sql_mode       = @@sql_mode */ ;
/*!50003 SET sql_mode              = 'STRICT_TRANS_TABLES,NO_AUTO_CREATE_USER,NO_ENGINE_SUBSTITUTION' */ ;
DELIMITER ;;
CREATE DEFINER=`root`@`localhost` PROCEDURE `updateUserManager`(IN idUsuario VARCHAR(30), 
								   IN idEquipo INT,
                                   IN rolesJson JSON, 
                                   
                                   out isError int, 
								   out message varchar(200)
                                   )
BEGIN

DECLARE userNameVar varchar(30);
DECLARE userNameActVar varchar(30);
DECLARE `_index` BIGINT UNSIGNED DEFAULT 0;
DECLARE `json_items` BIGINT UNSIGNED DEFAULT JSON_LENGTH(`rolesJson`);
DECLARE idRolVar INT;
DECLARE idRolExist INT;
DECLARE idRolInsert INT;
DECLARE deleteRol BIGINT UNSIGNED DEFAULT 0;





select userName into userNameActVar
from usuarios
where 
usuarios.userName = idUsuario 
;

if userNameActVar is not null then

	if idEquipo is not null and idEquipo > 0 then
		UPDATE `fifaxgamersbd`.`usuarios`
		SET	
		`idequipo` = idEquipo
		
		WHERE `userName` = userNameActVar;
	else 
		UPDATE `fifaxgamersbd`.`usuarios`
		SET	
		`idequipo` = null
		
		WHERE `userName` = userNameActVar;
    end if;

	if rolesJson is not null then 
		WHILE `_index` < `json_items` DO
			
            select JSON_EXTRACT(`rolesJson`, CONCAT('$[', `_index`, '].id')) into idRolVar;
			
            SELECT roles.idRoles into idRolExist
            FROM roles WHERE roles.idRoles = idRolVar;
            
            IF idRolExist IS NOT NULL THEN 
				if deleteRol = 0  then
					DELETE FROM `fifaxgamersbd`.`usuarios_has_roles` 
					WHERE Usuarios_userName = userNameActVar ;
                    set deleteRol = 1;
				end if;
             
                
					INSERT INTO `fifaxgamersbd`.`usuarios_has_roles`
					(`Usuarios_userName`,
					`Roles_idRoles`)
					VALUES
					(userNameActVar,
					idRolExist);

                
            END IF;
            
            
			SET `_index` := `_index` + 1;
    
    
		END WHILE;
    end if;
    
	set isError = 0 ;
	set message = 'OK';


elseif userNameActVar is null then
	set isError = 1 ;
	set message = 'El usuario no existe';
    
end if;

END ;;
DELIMITER ;
/*!50003 SET sql_mode              = @saved_sql_mode */ ;
/*!50003 SET character_set_client  = @saved_cs_client */ ;
/*!50003 SET character_set_results = @saved_cs_results */ ;
/*!50003 SET collation_connection  = @saved_col_connection */ ;
/*!40103 SET TIME_ZONE=@OLD_TIME_ZONE */;

/*!40101 SET SQL_MODE=@OLD_SQL_MODE */;
/*!40014 SET FOREIGN_KEY_CHECKS=@OLD_FOREIGN_KEY_CHECKS */;
/*!40014 SET UNIQUE_CHECKS=@OLD_UNIQUE_CHECKS */;
/*!40101 SET CHARACTER_SET_CLIENT=@OLD_CHARACTER_SET_CLIENT */;
/*!40101 SET CHARACTER_SET_RESULTS=@OLD_CHARACTER_SET_RESULTS */;
/*!40101 SET COLLATION_CONNECTION=@OLD_COLLATION_CONNECTION */;
/*!40111 SET SQL_NOTES=@OLD_SQL_NOTES */;

-- Dump completed on 2019-11-21 11:21:52
